ConsentForm,Cog1,Cog2,Cog3,Cog4,Cog5,S1_Freedom,S2_Frust,S3_Annoy,S4_Disturb,S5_Prejd,S6_Discr,S7_Advn,S8_Intrnt,S9_Compln,S10_AdvAgnst,Ang1,Ang2,Ang3,Ang4,ManpChk,Code1,Code2,Code3,Code4,Code5,Income,Gender,Age,Race,Condition
1,Goof,Good,-99,-99,-99,5,4,4,5,4,3,5,5,5,5,3,3,4,2,4,3,3,3,3,-99,7,1,23,1,Vignette-Self
1,I am curious about what those people did,I wonder if they will get arrested,Was that fair?,-99,-99,5,4,4,4,5,5,5,3,3,4,4,4,4,4,4,2,2,1,2,2,5,2,35,3,VicariousOutgroup:5
1,why did i get stopped,why won't he let me go,this is really his fault,i don't want to be here,this is unfair,5,5,5,5,5,5,5,1,1,1,5,5,5,5,1,1,1,1,1,1,2,2,29,3,Vignette-Self
1,which conurty,until i get an answer to thoiught one i have no more thoiughts,-99,-99,-99,1,1,1,1,1,1,1,1,1,1,1,1,1,1,5,2,1,-99,-99,-99,1,6,46,7,VicariousIn-group:1
1,Why was I stopped?,Am I being detained?,This doesn't seem right,I am very frustrated,This search seems illegal,5,5,5,4,5,4,4,3,5,5,5,4,5,4,1,2,2,1,1,1,4,1,31,3,Vignette-Self
1,Where am I going?,How much will the car rental cost?,-99,-99,-99,3,2,3,3,2,3,2,3,3,2,3,2,3,2,1,2,2,2,1,2,3,2,23,3,VicariousIn-group:1
1,Suck my dick for 50 cents,Suck my dick for 50 cents,Suck my dick for 50 cents,Suck my dick for 50 cents,Suck my dick for 50 cents,4,3,3,4,5,3,3,3,5,5,3,3,4,4,4,3,3,3,3,3,7,3,69,1,VicariousIn-group:1
1,I thought they would get arrested,i wondered if we would have the same problems,I wonder what actually happened,I would try and talk to them when I could,-99,4,4,4,4,5,4,5,2,2,4,2,2,3,2,2,1,2,2,2,-99,1,1,24,1,VicariousIn-group:5
1,Good for them,Sucks to suck,Man I'm hungry,Where can I get tacos,Any cats around,3,1,1,1,2,1,1,1,1,1,1,1,1,1,2,1,1,3,3,3,3,1,34,3,VicariousOutgroup:5
1,The police are corrupt here.,Sucks for them,I wonder what the event is,I hope I don't get in trouble,Screw em',4,2,2,2,5,5,5,3,3,4,3,2,3,2,2,1,1,2,1,1,4,1,31,3,VicariousIn-group:5
1,Is it illegal to search the car without a cause,What was the race of the driver,Is it safe to pull the car over,Do they know it was this individual,Was race a factor,4,4,4,4,4,4,3,3,3,4,4,3,4,4,2,1,1,2,1,1,5,2,36,3,VicariousOutgroup:1
1,good,calmness,-99,-99,-99,2,3,3,2,4,3,3,2,3,4,2,3,4,3,4,2,2,1,2,2,3,1,28,2,VicariousOutgroup:5
1,I'd be surprised if they were involved in a hit-and-run.,Did they have any damage to their car?,What's the evidence they did it?,I feel sorry for them if they didn't commit a crime.,Maybe the police are wrong.,4,4,4,3,2,2,2,1,1,3,2,1,2,1,2,2,2,2,1,1,2,1,24,3,VicariousIn-group:1
1,is there an accident,did the car in front of me hurt someone,are they getting arrested, i hope we arent late,i wish they didnt stop traffic for this,2,3,4,2,3,2,2,2,1,1,3,2,3,2,4,1,1,1,2,1,4,2,26,3,VicariousOutgroup:1
1,I feel the officer's behavior is unfair,The individual is being unfairly suspected,I would be nervous,I would pity the person ahead of me,I would feel angry at the officer,5,5,5,5,5,5,5,4,4,5,4,4,4,4,2,1,1,1,1,1,3,1,30,3,VicariousIn-group:1
1,trip,travel,enjoyment,vacation,family,3,4,2,4,3,2,4,3,3,4,3,1,1,2,5,3,3,3,3,3,4,1,24,3,VicariousOutgroup:1
1,why he disliked tourists,why did they not let him pass,i was going to be late,were they going to let me pass,what did he do wrong,1,1,1,1,2,2,2,1,1,1,2,1,2,2,4,1,1,1,2,1,2,2,39,3,VicariousOutgroup:1
1,well this is odd,how corrupt are the police in this country,sucks to be those guys,what the hell are they looking for,Wonder why they picked that car,4,4,5,5,5,5,5,4,4,4,4,4,4,4,2,1,1,1,1,1,3,1,35,3,VicariousIn-group:5
1,Just that it's a good example of why I generally don't travel much outside the West. There's nowhere in the world that has safer legal protections than in the US.,-99,-99,-99,-99,2,1,1,1,2,1,3,1,1,1,1,1,1,1,2,2,-99,-99,-99,-99,3,1,34,3,VicariousIn-group:5
1,wonder what once in a lifetime event it is,wondering what the police officer was stopping the car for,wondering if the car matched the description of the hit and run car,-99,-99,1,2,2,1,2,1,1,1,1,1,1,1,1,1,4,2,2,2,-99,-99,1,2,36,3,VicariousOutgroup:5
1,What is happening?,Why is only us?,Will we be in trouble?,Thoughts of wanting to leave/ escape.,Will we be safe?,5,5,5,5,5,4,5,4,5,5,-99,5,5,5,5,1,1,1,1,2,1,2,26,4,VicariousIn-group:5
1,This is going to make me late.,Should I stop and help them out?,I don't want to miss this event. ,Uh oh this could be a problem.,I refuse to miss this event.,5,5,5,5,4,4,4,2,3,5,4,4,4,4,2,1,3,1,1,2,2,1,27,3,VicariousIn-group:5
1,the police know something I don't,this guy might have hit a tourist,it's dumb to hate tourists that bring money to your area,I hope I'm not late,I hope the person who was hit is okay,2,1,1,1,1,1,1,1,1,1,1,1,1,1,2,3,1,3,1,3,5,2,51,3,VicariousOutgroup:1
1,The police are being stupid.,Hopefully they won't have to miss the event.,Also hopefully the cops get fired for their incompetence.,Good thing I was allowed to pass.,I'll have to catch up with them later to find out how it went with the cops.,5,5,5,5,5,5,5,5,5,5,5,5,5,5,2,1,2,1,3,2,1,1,32,3,VicariousIn-group:1
1,very interesting,cool,good man,loved it,hope this is it,3,2,3,4,2,3,2,3,2,3,3,2,3,4,2,2,3,2,2,3,4,5,23,3,Vignette-Self
1,they dont like tourist,-99,-99,-99,-99,1,1,1,1,1,1,1,1,1,1,1,1,1,1,3,1,2,2,2,2,3,1,26,3,VicariousOutgroup:5
1,whats going on,i wonder why they wont let them go,i want to know more,-99,-99,2,2,2,2,2,2,2,2,2,2,1,1,1,1,2,2,2,2,2,2,4,2,45,3,VicariousIn-group:5
1,Should I help them?,They might not want my help.,I probably shouldn't do anything.,I don't want to be late.,I should leave them be.,2,1,1,2,5,2,3,1,1,1,1,1,1,1,4,3,1,2,2,2,2,2,36,3,VicariousOutgroup:1
1,scared,okay,helpful,needy,want,3,2,4,3,4,3,2,4,3,4,3,4,2,3,1,1,2,3,1,1,2,1,26,3,VicariousIn-group:5
1,Why am I the only one being stopped?,Why does it need to take hours for a basic search?,How far away is the event?,How can I explain the situation to the officer?,Am I already a potential suspect?,4,5,5,4,3,3,4,4,4,4,4,3,4,4,1,1,1,2,2,1,4,1,24,2,Vignette-Self
1,worry,set up,drug dealer,trouble ,they are going to jail,5,3,3,3,5,4,5,1,1,5,4,5,4,4,2,1,1,1,1,1,2,1,50,6,VicariousIn-group:1
1,confused,worried,anxious,scared,frightened,4,4,5,4,5,3,3,3,3,4,4,4,4,4,4,1,1,1,1,1,6,1,21,3,VicariousOutgroup:1
1,Why am I being stopped?,Why are they searching that persons car?,Why aren't they searching my car and other peoples cars?,Why are they only searching that one persons car?,-99,2,4,4,4,4,3,3,3,3,3,4,4,4,4,2,1,1,1,1,2,3,1,22,3,VicariousIn-group:1
1,"Unfortunate, but thankful that we were able to drive past",Can understand frustration with tourists,-99,-99,-99,3,2,2,2,3,2,2,2,2,2,2,2,2,2,2,3,2,-99,-99,-99,7,2,40,3,VicariousOutgroup:1
1,I hope they will be ok,I hope they were not involved,I should stop and see whats going on ,Why were they stopped,Hopefully they will be let go,2,2,2,2,3,3,3,3,3,3,2,2,2,2,2,3,3,3,2,3,3,1,30,4,VicariousIn-group:5
1,This is ridiculous.,Is there a detour available?,Why am I being searched unreasonably?,Why are other drivers being allowed to pass?,This is clearly a lie and this is a violation of my rights under the Constitution.,5,5,5,5,5,5,5,3,5,5,5,5,5,5,1,1,2,1,1,1,2,1,27,3,Vignette-Self
1,I wonder if they're in trouble,"Well, I'm glad we don't miss this.",I wonder if they need help.,-99,-99,3,2,2,2,3,3,3,3,3,3,3,3,3,3,2,2,1,3,2,2,7,2,31,3,VicariousIn-group:1
1,maybe he will stop me too,-99,-99,-99,-99,4,4,4,3,3,3,3,2,2,2,2,1,2,1,4,1,-99,-99,-99,-99,2,2,36,3,VicariousOutgroup:5
1,this seems scary,i feel sorry for the person,i'm curious if they can resolve the situation,-99,-99,2,1,1,1,3,2,2,1,1,1,1,1,1,1,2,1,1,2,2,2,4,1,28,3,VicariousIn-group:1
1,thinking in this better experience happening situation,Your best partner is effective one,good solution is better solving problems,everything is better condition,quality is the must one of the part ,4,5,4,5,4,5,5,4,4,5,4,2,1,2,5,2,3,2,3,3,2,1,31,1,Vignette-Self
1,scared,annoyed,confused,sad,angry,3,2,4,3,3,4,2,2,4,3,2,4,3,4,1,1,1,1,1,1,2,1,26,3,VicariousIn-group:5
1,Why am I the one being stopped,Is he really accusing me of committing this crime,I'm so furious that I'm going to miss the event,I'm scared about what will happen to me,Who do I contact to settle this problem,5,5,5,5,5,5,5,5,5,5,5,5,5,5,1,1,1,1,1,2,3,1,28,3,Vignette-Self
1,wonderful,great,nice,quite,good,4,5,5,3,5,4,5,3,4,5,3,5,4,3,5,3,3,3,3,3,3,1,30,1,VicariousIn-group:1
1,annoyed,irritated,worried,angry,exasperated,4,4,4,4,5,5,5,3,3,5,5,4,5,5,4,1,1,1,1,1,2,1,44,3,VicariousOutgroup:5
1,oh shit,I feel bad for them,wonder what will happen,n/a,n/a,4,3,3,3,4,3,4,1,1,1,1,1,2,1,4,1,1,2,2,2,1,1,36,3,VicariousOutgroup:5
1,man that sucks,why is the car ahead being pulled over?,this makes me kind of nervous,what did the car ahead do?,i want to know how badly people were hurt,2,2,2,2,2,2,2,2,2,2,1,1,1,1,4,1,1,1,1,1,1,2,31,4,VicariousOutgroup:5
1,I wonder whether the occupants of the stopped car will be charged with the hit and run.,I'm glad I wasn't stopped.,I hope I make it to the event on time.,Why don't the residents like tourists?,This was inconvenient.,2,2,4,2,3,1,1,1,1,1,3,3,4,4,2,1,3,3,1,1,7,2,59,3,VicariousOutgroup:5
1,It seems unlawful,I'm glad I would still be on time,Serves that person right,This is why I wouldn't want to go out of the country,What are the laws there,5,3,5,5,5,5,5,3,5,5,3,3,4,3,2,1,3,1,1,2,4,1,32,3,VicariousOutgroup:1
1,I hope we're able to get to the event.,I hope there isn't any trouble.,I wonder if they hit someone?,Is that person violent?,I am glad we can go on our way.,3,2,2,2,2,2,2,2,2,3,2,2,2,2,4,2,2,2,2,3,2,1,36,3,VicariousOutgroup:1
1,I hope the other people are okay.,I hope the other people are not in trouble.,I wonder why the police stop the car.,I wonder what the police are searching for.,I hope that this does not ruin the other people's vacation.,2,3,3,3,2,2,2,2,3,3,3,2,3,2,2,3,3,2,2,3,4,1,41,1,VicariousIn-group:5
1,i would miss the event,is the person starting unnecessary trouble,was the person recognized the hit and run driver,who was the person who was hurt in accident,did the person die,2,3,2,2,4,4,4,1,3,1,2,1,2,2,5,1,1,1,1,1,5,2,38,3,VicariousOutgroup:1
1,good,super,powerful,perfect,"wonderful
",4,3,5,4,5,4,3,5,4,5,4,3,4,5,5,2,3,3,2,3,4,1,30,1,VicariousOutgroup:5
1,I wonder what foreign country,I wonder if the country is safe,How did I make a friend,Wonder what the police is searching for,Can't trust nobody,4,2,2,2,5,3,3,2,2,4,2,2,2,2,2,3,2,2,2,1,3,2,24,3,VicariousIn-group:1
1,why did he pull them over,am I going to get pulled over,I wonder if they did something wrong,I feel bad they will miss it. ,-99,3,3,3,3,4,3,3,1,1,3,2,1,3,2,4,2,1,2,1,2,4,2,25,6,VicariousOutgroup:5
1,Why would the police only stop their car?,Kinda don't feel too bad for them since they said they didn't like tourists earlier.,I feel relieved that the police didn't stop and search my car and I was allowed to pass.,-99,-99,2,2,1,1,1,1,1,1,1,1,1,1,1,1,2,2,1,3,2,2,4,1,24,3,VicariousOutgroup:5
1,This is inconvenient ,The police officer should not have the right to search the car without a legitimate reason ,-99,-99,-99,5,5,5,4,3,4,4,3,3,4,4,3,5,4,5,1,1,2,2,2,2,1,28,3,VicariousIn-group:1
1,I am very sad at the time.,Feeling lonely.,I am really enjoying the car driving.,Me and my friends are going to long outing.,I very miss for this moment.,5,4,-99,5,5,4,-99,5,4,5,5,4,5,4,2,3,-99,2,2,3,3,1,30,1,Vignette-Self
1,feel sad,mood,will try explain opinion,blame the situation,guilty,5,4,5,5,4,4,4,4,5,4,5,5,5,4,1,3,2,3,1,1,3,1,30,1,Vignette-Self
1,he probably hit them,oh man! This is a bad situation!,i feel sorry for the victim,what a d-bag!,How much time is this gonna take?,3,3,2,1,2,2,2,1,1,1,2,2,4,2,5,1,1,2,1,2,6,2,35,3,VicariousOutgroup:1
1,Interesting,Good read,Article good,Very interesting,Interesting,3,4,2,3,4,3,3,3,2,3,2,3,4,3,5,3,3,3,3,3,2,2,27,3,VicariousOutgroup:5
1,not right ,abuse of poer ,empathy ,sadness ,anger ,1,2,2,4,2,2,3,3,2,2,4,3,2,3,2,2,1,2,3,3,2,1,23,3,VicariousOutgroup:5
1,Nice! I get to travel a foreign country!,I'm so excited to go to this event! It's probably the only time I'll be able to do something like this.,"Oh no, what are the police doing? I don't want to be stopped in a foreign country.","Hey, I recognize this guy in front of me. He was the one causing trouble.",So relieved that the traffic stop was for that guy and not the rest of us. Now we can continue the trip in peace!,2,1,1,1,2,1,1,1,1,1,2,1,1,1,4,3,3,1,2,3,7,1,19,3,VicariousOutgroup:1
1,What the hell is going on?,Am I in trouble?,Why are they searching my car?,Am I responsible for anything in a rental?,Do I need legal representation right now?,3,4,3,2,4,4,3,2,1,1,3,1,2,4,1,1,1,1,1,1,2,1,32,3,VicariousIn-group:5
1,I am concerned about my friends in the other car.,I am sad that they won't be able to attend the event.,I am glad that I wasn't motioned over.,-99,-99,3,4,3,2,3,3,2,3,2,3,3,4,4,3,2,1,1,3,-99,-99,1,1,30,3,VicariousIn-group:5
1,Why would this even come up ,How does one react to it,I am confused ,-99,-99,3,4,4,4,3,5,5,3,4,5,5,5,5,5,3,1,2,1,1,1,4,2,26,3,VicariousOutgroup:5
1,That they might have been involved in the hit and run.,That the police officer may have pulled them over because they were american.,-99,-99,-99,4,4,4,4,4,3,2,3,4,3,2,1,2,2,2,3,3,-99,-99,-99,1,1,33,3,VicariousIn-group:5
1, What are the biggest thinking mistakes all of us do nearly every day? ... Please try again later. ... Our mind often plays tricks on us and that is one of the key ones to be aware of. ... Hal Arkes and Catehrine Blumer created an experiment in 1985 which demonstrated your tendency to go fuzzy when sunk costs ...,"'- The “swimmer's body illusion,” and other ways our brains play tricks on ... of these mistakes in thinking that I subconsciously make all the time. .... Please try again later. ... Our mind often plays tricks on us, and that is one of the key ones to ... that demonstrated your tendency to go fuzzy when sunk costs come ..."," It's these “bad” impressions that begin to control our mind and body. ... narrows, our muscles tense, and higher-order thinking goes out the window. ... impact on the body, and recognize that the worst-case scenario is far from reality. ... Scientists at UCLA found that when we come up with a name for how we ...","which aspects of test anxiety apply to them, and then identify coping strategies that may help ... Realistic thinking means looking at all aspects of a situation (the positive, the negative and the neutral) .... But, the imagined worst-case scenario ... Am I falling into a thinking trap (for example, catastrophizing or mind-reading)?.","When your mind is producing catastrophic thoughts, Dilley's four tips can help. ... Just about every time I am driving to work on a Tuesday morning for my ... find out where some of the most successful people went to school.
",4,3,4,3,4,3,4,3,4,4,3,4,3,4,5,2,3,2,2,3,4,1,-99,3,Vignette-Self
1,curious,wonder,thoughtful,intrigued,engaged,4,3,3,3,3,3,3,2,3,3,3,2,3,2,2,3,3,3,3,3,5,2,32,3,VicariousIn-group:1
1,This is weird,Did those guys really do that?,This must be a mix up,maybe they have the a similar car,should I stay,1,3,4,1,1,1,4,1,1,1,3,1,2,1,2,2,1,2,2,2,3,1,27,4,VicariousIn-group:1
1,no way ,how can this be happening,why cant I leave but everyone else is,this is insane ,I am so scared,4,5,5,5,3,4,4,4,4,5,4,4,4,4,1,1,1,1,1,1,4,2,35,3,Vignette-Self
1,Oh no,is it safe ,I should have gone somewhere else,I want to leave,Get me out of here,4,3,4,3,3,3,3,3,3,3,4,4,4,4,5,1,1,1,1,1,4,2,44,3,VicariousOutgroup:1
1,that he thought i was guilyt,-99,-99,-99,-99,5,5,5,5,5,5,5,5,5,5,5,5,5,5,1,1,-99,-99,-99,-99,3,2,54,3,Vignette-Self
1,I need to get to the event!,why is this happening to me!?,-99,-99,-99,2,4,4,4,3,2,3,4,3,4,2,2,4,3,1,1,1,1,2,1,2,1,24,3,VicariousIn-group:5
1,Good,Beter,Fun,Good,Best,4,5,4,5,4,4,5,3,4,3,4,5,4,5,2,2,3,2,3,3,1,2,35,3,VicariousOutgroup:5
1,what happened to that man,did that person who was hit die,were the police able to find the suspect,was it a frame up,did he got arrested or did he get able to attend the seminar,5,5,5,5,4,5,5,3,3,3,4,4,4,4,2,1,1,1,1,1,4,2,26,1,VicariousOutgroup:1
1,What is going on?,What did they do?,Did they even do anything?,Does the officer have a good reason for this?,Is there anyone hurt?,3,3,4,3,4,3,4,2,2,2,3,2,3,3,5,1,1,2,1,1,2,2,30,3,VicariousIn-group:5
1,Should I stop ,It is probably some kind of mistake,Should I see if he needs help,Do I want to miss where I am going,-99,3,4,4,4,2,3,3,3,3,4,3,3,4,4,2,2,2,3,2,2,3,2,59,3,VicariousIn-group:1
1,did they have evidence against the person,maybe I do not know the person as well as I think I do,I hope everything turns out ok,should I stop?,-99,3,2,2,2,2,2,2,2,2,2,1,1,1,1,2,2,1,3,2,2,7,2,32,3,VicariousIn-group:1
1,They got what they deserved.,They got a good dose of karma.,They probably did something wrong.,I'm glad they are getting in trouble.,They deserve whatever happens to them.,1,1,1,1,1,1,1,1,1,1,1,1,1,1,2,3,3,3,3,3,4,2,36,4,VicariousOutgroup:1
1,this seems like a bad situation,this could end badly,-99,-99,-99,1,2,1,1,1,2,1,1,1,1,1,1,1,1,2,1,1,-99,-99,-99,4,2,38,3,VicariousOutgroup:1
1,This is unfair,Did I do Something wrong,this feels strange,Did they pull me over because I'm not from around here,Am I going to be detained,5,4,4,4,5,4,5,3,5,5,5,5,5,5,1,1,1,1,1,1,4,2,28,3,Vignette-Self
1,Dismayed,What in the world,I don't want to go anymore,Will I be safe,What can I do to protect myself?,4,5,5,4,5,5,5,5,5,5,3,4,3,3,4,1,1,1,1,1,2,2,21,3,VicariousOutgroup:5
1,very good,very good,very good,very good,very good,3,4,3,4,5,4,3,4,5,4,3,3,4,4,5,2,3,2,3,2,6,2,31,3,VicariousOutgroup:5
1,I think it could be karma.,"I wonder what they got them for.,",How long did they stay?,How long has he been pulled over for?,What does the officer look like?,2,1,1,1,1,1,1,1,1,1,1,1,1,1,4,2,2,2,2,2,4,1,28,3,VicariousOutgroup:1
1,the police have made a mistake,the police will realize their mistake,it would not be appropriate for me to stop,i could help clarify the mistake,-99,3,2,3,2,2,2,2,1,1,1,2,1,2,1,2,2,3,2,3,-99,4,1,30,2,VicariousIn-group:5
1,I feel compassion for the stopped car.,I feel regretful that they will miss the event.,I understand that the policeman is just doing his job.,I wonder if the situation is unjust.,I wonder how the delay will affect me arriving at the event on time.,4,3,2,2,1,1,1,1,1,1,2,1,2,2,2,2,2,2,2,2,5,2,41,3,VicariousOutgroup:1
1,good model hotel,good city stay,good food,nice people ,nice place going and stay,4,5,4,3,4,5,4,4,3,4,4,3,4,5,2,3,2,3,2,2,3,1,32,2,VicariousIn-group:5
1,worry,anxiety,dread,fear,-99,2,4,2,2,4,4,2,4,2,5,5,2,3,2,4,2,3,1,3,2,2,2,24,3,Vignette-Self
1,This isn't fair,Why is this happening to only us?,We are wasting precious time,Did we do something wrong?,This seems wrong,5,5,5,5,3,3,5,3,3,3,4,4,4,4,1,1,1,1,1,1,3,2,52,3,Vignette-Self
1,I'm glad I read up on the laws here.,I wonder if that person did something.,-99,-99,-99,3,2,3,3,2,2,2,2,2,2,3,2,3,2,2,3,2,-99,-99,-99,4,1,35,3,VicariousIn-group:1
1,This isn't fair that I am going to miss the event ,Why did this happen to me ,Couldn't this happen a different day ,Why is this taking so long ,Wonder what the outcome will be ,1,4,5,1,1,1,1,1,1,1,5,5,5,5,5,1,1,1,1,2,2,2,29,3,VicariousIn-group:1
1,I felt scared,I then felt relief,I then wasn't worried,I felt happy,I was ready to enjoy my night,1,1,1,1,3,2,2,1,1,1,1,1,1,1,4,1,3,3,3,3,7,1,26,4,VicariousOutgroup:5
1,I am very frustrated by this situation.,I don't know why this is happening to me.,This is such a waste of money.,I cannot believe this is happening.,I hope I can still get there on time.,3,4,5,5,3,3,4,3,4,4,5,3,5,4,3,1,1,1,1,1,7,1,24,4,VicariousIn-group:5
1,I wonder why they were getting flagged down,what kind of event?,What country?,I wonder if they were involved in the hit and run?,what time is it,1,1,1,1,1,1,1,1,1,1,1,1,1,1,4,1,2,2,1,2,1,2,28,3,VicariousOutgroup:5
1,Begin approaching a police officer standing in the road who motions,Officer mentions that there was a hit-and-run earlier and states,"Allowed to proceed, without giving any good reason",Get out of the vehicle while they begin searching.,Will be stuck there for at least a couple hours,4,5,3,4,3,4,4,3,4,5,2,3,2,3,5,3,2,2,3,3,3,2,27,3,Vignette-Self
1,good,not bad,super,well,honest,4,3,4,3,3,4,3,3,4,3,4,3,3,3,5,3,3,3,3,3,3,1,36,3,Vignette-Self
1,Why is this happening to me?,How can I proceed?,Why am I going to miss my event?,Why have I been singled out?,What can I do about this afterwards.,4,4,5,4,4,4,4,4,4,4,4,4,4,4,1,2,2,2,1,2,1,2,56,3,Vignette-Self
1,Perhaps it's a random check.,Maybe they were doing something wrong.,They're probably getting arrested.,Bummer that they missed the event.,-99,3,2,2,2,4,3,3,3,2,3,2,1,2,2,2,3,2,1,1,2,1,1,25,3,VicariousOutgroup:1
1,Is this legitimate? ,Did the person in front of me really do something like that? ,When/where did this happen? ,Is this delay going to make me late? ,I hope the person in front of me is ok. ,3,4,3,2,4,2,4,1,1,1,3,1,4,3,2,1,2,2,1,3,2,2,28,3,VicariousIn-group:1
1,I wonder why this is happening.,I feel bad for the person being pulled over because I was getting close to them.,I wonder if I should wait to see what happens or say something.,I am a bit worried.,I wonder if I should keep going or not.,3,4,4,4,3,4,3,1,2,3,3,2,3,3,2,2,1,2,1,2,1,1,33,3,VicariousIn-group:1
1,who cares,what is the point,will this ever end,what is the event,what time is it,1,1,1,1,1,1,1,1,1,1,1,1,1,1,4,1,1,1,1,1,7,2,29,3,VicariousOutgroup:1
1,I would not feel comfortable.,This makes me unsure about travel.,-99,-99,-99,2,1,1,4,3,3,3,1,1,3,1,1,1,1,4,3,3,-99,-99,-99,1,2,29,3,VicariousOutgroup:1
1,I can't believe they did that,Maybe the cop has the wrong car,It's going to be awful that they can't make it,I hope that everyone is okay,I don't trust the police,5,5,4,5,5,5,5,5,5,5,5,4,5,5,2,3,3,3,3,3,2,1,27,3,VicariousIn-group:5
1,What is going on?,Where did the car go,Is everyone okay?,What is the police officer going to do,I hope that I do not miss the event because of this,4,4,4,4,4,3,3,4,4,3,4,3,3,4,4,1,1,3,3,3,4,1,26,3,VicariousIn-group:1
1," 

During the road leading up to the event, you begin approaching a police officer standing in the road who motions for the car in front of you to slow down.", notice the person in the car in front of you from the hotel as the one fellow American from the same city as you,"have become close over the course of the days leading up to the event, having meals together and talking often.

 ","the officer on the loud speaker that there was a hit-and-run earlier and states to the car in front of you that they are not allowed to proceed, without giving any good reason. ",the countru was most dangeours country if you thre in the olacce not nmobliue phone and enjoy to the u'r friends,4,5,2,5,4,3,3,5,4,5,4,4,4,5,5,3,3,2,3,2,5,1,26,3,VicariousOutgroup:5
1,stopped for no reason,irritated,upset,unhappy,wronged,5,5,5,5,5,5,5,5,5,5,5,5,5,5,1,1,1,1,1,1,5,1,74,3,Vignette-Self
1,Scared that another accident may occur.,Please hurry up. ,I want to get out of this situation.,I hope this never happens again.,How unfortunate and unlucky that person is.,3,2,3,2,2,2,2,2,2,2,3,3,3,3,4,2,2,2,2,2,1,1,26,4,VicariousOutgroup:1
1,I have been singled out for some reason.,I am greatly inconvenienced for no good reason.,"Be polite to the officer and cooperative, so this can be expedited.",Think of other things that I could do since I will miss the event.,I am not happy.,4,4,4,3,3,3,2,3,3,3,4,2,5,3,1,2,1,3,3,1,6,1,45,4,Vignette-Self
1,Why were they stopped?,Was anyone hurt in the hit and run?,I hope my friends will be ok.,I hope my friends are courteous and respectful to the officer?,I hope the officer is professional with them.,4,2,3,2,4,3,3,1,2,2,2,1,2,2,2,1,1,3,3,3,4,1,46,3,VicariousIn-group:5
1,I hope we're not delayed,I'm glad the cop isn't after me,I wonder why the police want him,I wonder if it's related to the hit and run,Not my problem,4,1,3,2,3,3,2,1,1,1,2,1,2,2,4,2,3,2,2,2,7,1,64,3,VicariousOutgroup:1
1,I'm upset that this person was singled out.,I feel bad that they will miss the event.,I wish I could do something.,I feel guilty for being able to go ahead while they are stuck behind.,I'm angry at the officer. ,5,5,5,4,4,3,4,3,5,4,4,5,5,4,2,1,1,2,1,1,4,2,26,3,VicariousIn-group:1
1,I am pissed!,This is so upsetting!,Why do bad things always happen to me!,It figures,I will never get this money back,5,4,5,5,3,3,2,2,3,4,5,5,5,5,3,1,1,1,1,1,4,1,29,3,VicariousOutgroup:1
1,what did I do,what a moron,I want to go finish my trip,lets get going,hurry up,5,5,5,5,5,5,5,5,5,5,5,5,5,5,1,1,1,1,1,1,4,1,28,2,VicariousIn-group:5
1,fear,confusion,sympathy,loathing,disgust,5,5,5,5,4,3,4,4,4,4,5,4,5,5,2,1,1,2,1,1,7,2,48,3,VicariousIn-group:5
1,I felt frustrated,I felt angry,I felt helpless,I felt alone,I felt unlucky,5,5,5,5,5,5,5,5,5,5,5,5,5,5,1,1,1,1,1,1,5,1,32,3,Vignette-Self
1,Why did they check my vehicle?,Why was I the only person stopped?,Do they think that I'm the person who hit someone and then ran?,I can't believe this is happening to me.,"I'm so angry, they could've explained the situation first and they had no right going through my vehicle.",5,5,5,5,4,4,5,5,5,5,4,1,2,2,1,2,1,1,1,1,4,2,22,3,Vignette-Self
1,this is kind of scary,I hope they do not get hostile,can we trust this cop?,I wonder if they did the hit and run,I hope they don't recognize that we are tourists,4,4,5,3,3,3,4,1,1,2,2,2,3,2,3,1,1,1,1,1,2,1,31,3,VicariousOutgroup:5
1,"I'm excited for this event, whatever it is.","Shoot, I'm going to get held up and miss the event.",I feel bad for the hit & run victim.,"Oh, good, I get to go and won't miss the event.",I wonder why he was pulled over - does his car match some description? ,1,1,1,1,3,2,2,1,1,1,1,1,1,1,2,3,1,1,3,2,1,2,43,3,VicariousOutgroup:1
1,What did they do?,Why is that car being pulled over?,will i be pulled over?,whats going on?,who are they?,5,5,5,3,4,4,4,1,2,2,4,4,4,4,4,1,1,1,1,1,1,2,46,3,VicariousIn-group:1
1,I was concerned for the other car,I was worried that I would b targeted,I felt unsafe,I felt unsure,I was wondering how I would contact the authorities in my home country in case of an emergency,4,4,3,-99,3,3,3,2,3,3,2,2,2,2,4,3,3,3,3,3,2,2,61,3,VicariousOutgroup:5
1,I wonder what this is all about.,Did my fellow American do something illegal?,Is the police officer targeting Americans?,"No, that can't be it. He must have done something suspicious.",My American friend was involved in the hit-and-run accident!,2,2,4,2,3,3,4,2,2,2,4,2,3,2,2,2,1,1,1,1,4,1,42,3,VicariousIn-group:1
1,brisk,like food,passt work,flim,free ,4,4,5,4,4,5,4,4,5,4,5,4,4,3,5,3,2,3,3,3,4,1,32,2,Vignette-Self
1,Felt sorry for my friend.,Wondered why everybody else was waved ahead.,Wondered if anybody was hurt in the hit and run.,Wondered how long my friend would be detained.,Wondered if my friend would make it to the event.,2,2,2,2,3,3,3,2,2,2,3,2,2,2,2,3,3,3,3,3,1,1,69,3,VicariousIn-group:1
1,Why aren't other drivers being stopped?,Why is my car being searched?,-99,-99,-99,5,5,5,5,3,3,3,2,2,3,1,1,-99,1,1,2,2,-99,-99,-99,3,1,31,1,Vignette-Self
1,WHAT DID THEY HAVE TO LEAVE THE CAR,WHAT TIME DID THE EVENT START,WHAT KIND OF POLICE WERE DOING THE SEARCHES ,HOW LONG DID THE CONCERT LAST,HOW DID THE OFFICERS SEARCH THE CAR,4,4,5,3,4,2,3,4,3,4,4,4,4,3,1,1,2,1,1,1,2,1,25,3,VicariousIn-group:1
1,You see the individual in the vehicle before you as a neighborhood who lives around the local area close to the lodging you are remaining at. ,-99,-99,-99,-99,4,5,4,5,4,5,4,5,4,5,2,4,3,4,5,3,2,3,2,1,4,2,25,3,VicariousIn-group:5
1,I'd try to turn around,Is this legal?,Why do they need to search?,I wonder what exactly they're looking for.,Can I say no?,3,2,3,1,1,1,2,1,2,1,2,1,2,1,1,2,2,2,2,2,2,2,27,3,Vignette-Self
1,Why are other drivers allowed to pass?,Frustrated,anxious,confused,-99,3,4,4,3,3,3,3,1,1,1,2,2,2,2,1,1,1,1,1,1,5,1,29,4,Vignette-Self
1,a hit and run is a good reason for people not to be able to proceed,the scenario did not make much sense to me,if a cop is investigating a crime we should do what we can to stay out of the way and help if needed,-99,-99,1,1,1,1,1,1,1,1,1,1,1,1,1,1,4,3,1,3,-99,-99,3,1,39,3,VicariousOutgroup:1
1,Why is he stopping me,I will miss my event,What happened ,How long is this going to take,This sucks,4,5,5,3,3,3,3,1,1,1,5,3,5,5,1,1,1,1,1,1,7,2,49,3,Vignette-Self
1,Bribe,Corrupt,worry,fear,regret,4,5,5,4,4,4,5,3,4,4,4,4,3,4,2,1,1,1,1,1,4,1,43,3,VicariousIn-group:1
1,I hope the local doesn't make trouble for the officer.,I wonder why he is being pulled over and nobody else?,I am worried the local is going to get very angry.,I hope he doesn't recognize us.,How bad is the accident?,1,1,1,1,1,1,1,1,1,1,1,1,1,1,2,1,2,1,2,2,7,2,48,3,VicariousOutgroup:1
1,interested,anxious,mad that we had to stop,worried about missing the event,hoping I wouldn't miss the event,2,1,2,1,1,2,2,1,1,1,5,4,5,5,4,2,-99,1,1,3,7,2,40,3,VicariousOutgroup:5
1,Long term,Danger,Reflection,Despair,Hope,3,4,3,4,2,3,4,2,3,3,3,3,3,3,4,2,1,2,1,3,2,1,29,3,VicariousOutgroup:5
1,happness,enjoyment,lot of feelings ,family friends,long travel  ,3,4,3,2,4,3,2,3,4,3,2,3,4,3,2,3,3,3,3,3,3,1,24,3,VicariousIn-group:1
1,Wonder why the police singled out that one car.,Feel sorry for them the ones in that one car.,Wonder how long the police are going to hold them,I don't think they are guilty of the hit and run,Hope this doesn't ruin their holiday,4,5,5,5,5,5,5,3,4,5,3,4,4,4,2,2,3,1,3,3,5,1,51,4,VicariousIn-group:5
1,They must've done it,I'm scared,What did the do,They will be mad,I don't want to be stopped too,3,2,2,2,3,2,3,3,3,3,2,2,3,1,4,1,1,1,1,1,6,2,33,3,VicariousOutgroup:1
1,I am wondering why I am being singled out,I am wondering if this process is legal.,"I feel irritated that others are allowed to go on, but I suspect they have good reason. ",I am a bit annoyed that I won't be able to make it to my event on time,I know I am innocent and want this to be over with as soon as possible. ,3,3,3,2,3,1,2,1,1,2,4,2,4,2,1,1,1,1,1,2,2,1,26,3,Vignette-Self
1,Will they let us thru? ,I hope the person who was hit will be ok.,I'm glad we weren't held up long.,I wonder what they will do to those people.,I wonder how strict the police are in this country. ,2,2,2,2,3,3,3,2,2,2,2,2,2,2,4,2,3,3,2,2,5,2,53,3,VicariousOutgroup:5
1,"damn, sucks to be them",did they committ the hit and run,should I stop and help,this could end badly,what is going to happen,2,2,1,2,2,2,3,2,2,2,2,2,2,2,2,1,1,3,1,1,6,1,40,3,VicariousIn-group:1
1,all good,all good,all good,all good,all good,4,4,3,3,4,4,4,3,4,3,4,3,4,4,5,2,3,2,2,2,7,1,36,3,VicariousOutgroup:5
1,Why am I the only one being stopped,How come they get to go while I am stuck here.,I hope they let me go soon.,I don't want to miss this one life time event,I can't believe this is happening to me.,5,5,5,5,5,1,5,5,5,5,5,5,5,5,1,1,1,3,3,1,2,1,25,1,Vignette-Self
1,They seem prejudice.,I wonder what the person did.,I wonder why he doesn't like tourists.,Did the person do something wrong?,Are the police going to arrest him?,4,3,3,2,4,4,3,1,1,2,3,2,3,2,4,1,2,1,1,1,5,2,34,3,VicariousOutgroup:1
1,I was hoping I wouldn't get stopped.,I was wondering if I'd make the event on time.,-99,-99,-99,3,3,2,1,3,3,4,1,1,1,2,1,2,1,4,2,2,-99,-99,-99,2,1,36,3,VicariousOutgroup:1
1,Who was at fault?,What should I do?,Is anyone hurt?,What is the damage done?,Who should I contact?,4,3,5,4,4,4,3,4,2,4,3,3,4,3,2,2,3,1,1,2,5,1,30,3,VicariousIn-group:5
1,That I was going to be late,That the person in front of me wasn't involved,That the officer was being unfair,That the person in front of me was targeted,That I should stop and try to help,4,4,4,4,4,4,4,3,3,3,3,3,3,3,2,1,1,1,1,2,7,2,49,3,VicariousIn-group:1
1,thats really sad,i wish i could help them,what can i do?,tell them to come with us,i cant believe there was a hit and run,5,5,4,4,5,4,4,5,5,5,4,4,4,5,2,1,3,3,3,1,2,2,30,3,VicariousIn-group:5
1,I should start recording,It may be because I am black,try to get in the car to turn around and get home safely,try and contact family if possible,try and remember specifics of the cop that has pulled me over in case I need to repeat them later ,3,5,5,5,5,5,5,5,2,5,5,5,5,5,1,2,1,2,3,2,2,2,25,1,Vignette-Self
1,good,nice,very good,nice ,very nice,4,4,4,-99,4,3,4,4,3,4,4,3,4,3,5,3,2,3,3,3,4,1,32,1,VicariousIn-group:5
1,Why am I being singled out like this?,Is he racial profiling?,Why do I have to wait this long for?,He is not a very nice police officer.,"I'm going to miss my event, hurry up!",5,5,5,4,5,4,3,2,1,2,1,1,1,1,1,2,2,1,1,2,2,1,31,2,Vignette-Self
1,Disliking tourists in your home town is understandable.,If the police stop the line of traffic then the event will be missed.,The police had no reason to permanently stop the person ahead of me.,The police then also had no reason to search the car of the person ahead of me.,Someone should pay attention to make sure nothing completely unwarranted happens in the police interaction.,5,5,5,5,5,5,5,4,5,5,3,3,3,3,2,2,1,1,1,2,4,2,49,3,VicariousOutgroup:1
1,Did car in front do something,was car in front the one in hit and run,what did they actually do,i can't wait to question them later and ask questions,Why are we all allowed to go and not them,4,2,1,1,4,4,4,1,4,1,2,1,2,2,2,3,2,3,2,3,5,2,58,3,VicariousIn-group:1
1,I wonder what country this was,I wonder what the event was ,I feel sad that they will miss the event ,I hope that they find the hit and run driver ,I hope they didn't spend too much money on the event and the trip because it will go to waste ,4,5,5,5,4,4,5,2,4,4,4,5,5,4,3,2,2,1,2,2,4,2,29,3,VicariousOutgroup:1
1,That is inconvenient ,Fucking pigs ,Why me?,Why are they being searched?,I want to go home. ,5,5,5,5,5,5,5,1,5,5,3,4,4,4,2,1,1,1,1,1,6,1,39,3,VicariousIn-group:5
1,I wonder if they did something wrong?,How will searching inside the car help determine if there was a hit and run?,I would think to times we had spent together.,-99,-99,2,4,5,1,2,2,2,1,3,2,4,3,5,4,2,2,2,3,-99,-99,2,1,37,3,VicariousIn-group:1
1,So frustrating ,What should I do to help,I wonder if they’ll stop me,So glad that’s not me,Why are they not giving an alternate route,3,4,5,4,2,1,1,2,1,2,5,4,4,3,2,1,2,2,3,3,3,2,35,3,VicariousIn-group:5
1,nervous,stressed,confused,-99,-99,4,3,3,1,3,1,2,1,1,1,2,1,2,2,2,1,1,2,2,2,3,1,31,3,VicariousIn-group:1
1,ow,thats terrible,sucks that ill miss my event,poor people,this is horrible,2,2,2,2,2,2,2,2,2,2,2,2,2,2,3,1,1,1,1,1,3,1,34,3,VicariousOutgroup:5
1,It's odd that the officer was standing in the street.,It's strange that he pulled over a seemingly random car to search it.,The officer may have thought the other Americans were suspects.,-99,-99,3,4,3,3,5,3,3,2,3,3,4,1,4,2,2,2,1,2,2,2,1,1,26,3,VicariousIn-group:1
1,they did it,they are mean people,karma,the officer already knows they are guilty,they will not make it .,1,1,5,5,1,1,1,1,5,1,1,1,1,1,4,1,1,1,1,1,2,2,27,3,VicariousOutgroup:5
1,good,nice,perfect,powerful,wonderful,4,3,5,4,5,3,5,4,3,5,4,5,5,4,5,2,3,2,3,3,4,1,30,1,Vignette-Self
1,very good ,very nice,good effection,nice and perfect to read this scenario,I like this scenario reading and full stuy.,3,5,4,3,4,5,4,5,4,3,3,5,4,5,5,2,3,2,2,3,3,1,30,1,VicariousIn-group:1
1,Annoyance,-99,-99,-99,-99,4,3,5,3,4,3,4,3,4,3,4,3,5,3,1,2,3,2,3,2,2,1,33,3,VicariousIn-group:1
1,Am I going to get pulled over?,I wonder what they did?,Maybe this is a mistake.,This is probably a mistake.,I wonder if there is anything I should do to help them.,2,3,1,1,2,2,1,1,1,3,3,1,2,2,2,2,1,2,3,3,1,2,48,3,VicariousIn-group:5
1,this is wrong,this is corrupt,maybe my car is similar to the subspect's,-99,-99,3,5,5,5,4,4,3,2,3,3,4,3,4,3,1,1,1,2,-99,-99,1,1,48,3,Vignette-Self
1,I wonder what they did wrong,what kind of person was I dining with?,did they have evidence?,was their car damaged in the front?,when did this happen?,3,2,2,3,3,2,1,1,1,1,1,1,1,1,2,2,1,2,2,2,2,1,38,3,VicariousIn-group:1
1,I feel nervous in a foreign country,why is my car being stopped?,i'm not familiar with local customs.,I don't know who to call for help.,Am I being falsely acciused of something?,4,5,4,4,4,2,3,2,3,4,4,3,3,4,1,1,1,1,1,1,3,1,57,3,VicariousOutgroup:5
1,The police officers may not be real,This may be a scam,The other people may be in danger,I might want to stop and help them,I wonder what will happen to them,4,5,5,5,4,5,5,5,5,5,3,4,3,3,2,1,1,1,2,2,1,1,28,3,VicariousIn-group:1
1,Why do they think I was involved?,Hopefully I can convince them to let me go. ,I should probably call my lawyer,This is disheartening,Hopefully they realize they have the wrong person.,5,5,5,5,1,1,1,4,3,4,2,1,2,2,1,1,2,2,1,2,7,2,32,3,Vignette-Self
1,why am i being singled out,this seems off,why are they searching my stuff,i need to go,I cant wait hours,4,4,4,5,4,4,3,2,4,3,5,5,5,4,1,1,1,1,1,1,3,2,33,3,Vignette-Self
1,This is a serious situation,I hope nothing happens to me,This could be dangerous,The person might commit violent acts,I need to protect myself.,1,1,1,1,3,2,2,2,2,2,2,2,2,2,4,1,1,1,1,1,6,1,37,3,VicariousOutgroup:1
1,the company had planned for every possible.,That an  investment ,buys,develop,innovation,4,3,3,4,4,3,-99,-99,4,3,4,3,4,3,2,2,3,3,3,2,2,1,45,3,Vignette-Self
1,anger,frustration,confusion,worry,sadness,4,3,3,4,4,3,4,3,4,4,4,4,4,4,1,1,-99,1,1,1,7,1,35,3,Vignette-Self
1,I would be scared,I would be annoyed,"I would start thinking ""why me?""",I would start thinking who I can call,I would start thinking a backup plan for my trip,4,4,5,5,5,5,4,1,4,5,4,4,4,4,1,1,1,1,1,3,6,2,38,3,Vignette-Self
1,That's not right,They probably didn't do that ,I hope they didn't do that,Probably only pulled them over for being Americans. ,-99,4,4,5,4,5,4,4,2,2,3,4,4,5,4,2,1,2,2,1,-99,1,1,30,3,VicariousIn-group:5
1,What is going on?, I hope I did nothing wrong.,I wonder what tehy did?,Why are they not letting them pass?,Did they dosomethign wrong?,4,4,4,4,5,5,4,2,4,4,4,3,4,4,2,2,1,1,1,1,7,1,31,3,VicariousOutgroup:1
1,Were the acquaintances in the stopped car responsible for the hit and run?,They're probably headed to the same destination.,Will they offer any kind of assistance.,Will they ask the police what happened exactly.,-99,3,3,4,4,3,2,3,2,2,2,2,2,2,3,2,1,2,3,2,-99,4,2,58,1,VicariousIn-group:1
1,this is annoying,I'm offended,I suppose it has to happen,I will be patient,would I really though?,3,4,4,3,3,2,2,1,2,2,3,1,3,2,1,1,1,2,3,2,2,1,37,3,Vignette-Self
1,I am very enjoyment.,I think saw the american person.,I am very happy.,I think good.,I think very interesting of the trip.,4,5,4,4,5,4,4,3,5,4,4,3,5,4,2,3,2,3,3,3,2,2,31,1,VicariousIn-group:1
1,What foreign country was this?,"If the locals hate tourists so much, I may have second thoughts on coming back to this place.",The police officers seem to be giving me special treatment by letting me pass by.,Tourism must be important here as they seem to be giving the tourists special treatment.,This is just going to make them hate tourists more.,3,4,4,4,5,4,4,3,3,4,4,3,4,2,4,2,1,1,2,1,3,1,37,3,VicariousOutgroup:5
1,Illegal,That sucks,No probable cause to search for a hit and run. Damage would be to exterior,Cop is a moron.,You're not going to make the show now.,5,4,4,4,4,5,4,3,3,4,3,3,3,3,5,3,1,1,1,1,5,1,29,3,VicariousIn-group:1
1,wonder what they did,something crazy is going on,I wonder if they were involved,wonder what the whole story is,what the heck happend,1,3,2,1,1,1,1,1,1,1,2,1,2,1,4,1,1,1,1,1,6,1,48,3,VicariousOutgroup:1
1,I feel frustrated,I feel angry,I feel resentful,I feel like I'm being targeted for no apparent reason,I feel this situation is unfair.,4,5,5,4,4,4,4,3,5,5,5,4,5,4,1,1,1,1,1,1,2,1,23,4,Vignette-Self
1,It's good he has not stopped me,They will probably miss the event,I am so lucky,I am going to be there on time,Buy guys,1,2,2,1,1,1,1,1,1,1,1,1,1,1,2,3,2,3,3,2,2,2,46,3,VicariousIn-group:5
1,nice,good,very good,very nice,suber,4,5,4,5,4,5,4,5,4,5,4,5,4,5,1,2,3,2,3,2,4,1,29,1,Vignette-Self
1,He is being a jerk,There is no reason for me to be held here,-99,-99,-99,5,5,5,5,5,5,5,5,5,5,5,5,5,5,3,1,1,-99,-99,-99,5,2,34,3,Vignette-Self
1,I wonder what today will bring. ,What is going on? ,Did they do something wrong?,Why are they getting out? ,Now they want us to get out?,4,3,4,3,3,3,2,3,2,2,2,1,2,2,5,3,2,1,1,1,7,1,34,2,VicariousIn-group:5
1,I am upset that I will miss the event,I am confused as to why I am getting involved in this,I am worried for my safety,-99,-99,4,5,5,4,4,4,4,3,3,4,4,4,5,4,3,1,1,1,2,2,2,1,31,3,VicariousOutgroup:1
1,I wonder why they stopped the car,It makes sense they wouldn't give a reason for detaining the car,The people are probably jerks.,It's too bad they won't get to go to the event though.,"I was traveling internationally last year. This was probably my first thought if the order matters, but I didn't think to write it at first.",2,1,1,1,2,1,1,1,1,1,1,1,1,1,2,2,3,1,1,2,1,1,38,3,VicariousOutgroup:1
1,they are racist,it was not fair,profiling,discrimination,-99,4,4,4,4,4,5,4,4,4,4,4,2,2,2,4,3,2,1,2,2,3,2,43,1,VicariousOutgroup:5
1,Good thing I didn't have to get involved with the police in a foreign country.,I wonder why the other car got pulled over.,-99,-99,-99,3,1,1,1,3,3,2,1,1,1,1,1,1,1,4,2,2,2,2,2,5,1,35,3,VicariousOutgroup:5
1,That is very unfortunate.,I wonder what happened?,I hope they don't have anything suspicious in their car.,What a relief it isn't me.,I hope that everybody is ok and not hurt.,3,3,4,3,5,4,3,1,1,2,2,1,2,2,2,1,2,2,3,3,3,1,42,3,VicariousIn-group:5
1,What happened?,This person must be involved,I wonder what they did,Why does this person hate tourists,I hope I'm not late to the event,3,3,4,3,3,2,3,4,4,3,2,2,3,2,2,2,1,1,1,2,4,2,32,3,VicariousOutgroup:1
1,I would be so nervous about this happening in another country.,I would feel like I had no representation.,I would be afraid of what the other person might be up to.,-99,-99,5,5,5,5,5,5,5,5,5,5,5,5,5,5,3,1,1,1,2,2,5,2,42,3,VicariousIn-group:1
1,feeling happy,good experience,feel fresh,great ,very happiness,3,1,2,4,3,5,2,4,3,2,3,5,4,2,5,2,1,3,2,3,3,1,24,3,Vignette-Self
1,Good thing it wasn't me,Feel bad for them,-99,-99,-99,3,2,2,2,2,2,2,2,2,2,1,1,1,1,4,3,1,-99,-99,-99,4,1,24,3,VicariousOutgroup:1
1,They were taking people to jail.,They were trying to accuse the Americans of this situation. ,They are going to be retained for a very long time. ,These officers are very racist. ,We are going to jail because we are foreigners. ,5,5,5,5,5,5,5,5,5,5,4,4,4,4,2,1,1,1,1,1,2,2,31,3,VicariousIn-group:5
1,I wonder what the police are searching for. ,I don't think the other car did anything wrong. ,They are going to miss the event. ,We might miss the event. ,Should we stay behind?,3,4,3,2,1,1,2,1,2,1,2,2,3,3,2,2,2,1,1,2,5,2,42,3,VicariousIn-group:1
1,Hope I get to pass by.,Looks like they deserve it.,-99,-99,-99,1,1,1,1,3,3,3,1,1,1,1,1,1,1,4,2,2,-99,-99,-99,2,1,34,3,VicariousOutgroup:5
1,danger,hostility,blue,fuzz,cops,-99,3,-99,-99,-99,-99,4,3,-99,3,2,2,2,2,2,1,1,1,1,1,6,1,25,3,VicariousIn-group:1
1,I thought the police would question me. ,I hope I would not be delayed for the event,The person been questioned was somewhat of a jerk ,I felt somewhat stressed seeing the police pulling over cars,This was the last thing I expected on my trip.,2,2,3,2,2,3,3,3,2,3,3,1,3,2,4,1,1,1,1,2,3,2,68,6,VicariousOutgroup:1
1,I'm going to be pulled over as well.,My whole trip will be ruined.,My friends might be in trouble.,I wish I could help them.,I hate that they have to miss the event but oh well.,3,4,4,2,2,3,4,3,2,2,4,2,4,3,2,1,1,1,3,1,7,1,25,1,VicariousIn-group:1
1,"The hardest thing to do is to be true to yourself, especially when everybody is watching","Reality is created by the mind, we can change our reality by changing our mind.",Don't be intimidated by what you don't know. That can be your greatest strength and ensure that you do things differently from everyone else.,"Once you replace negative thoughts with positive ones, you'll start having positive results",You just keep pushing. You just keep pushing. I made every mistake that could be made. But I just kept pushing,3,5,3,5,4,5,4,5,4,5,4,5,4,5,2,3,2,3,3,3,7,2,28,3,VicariousIn-group:5
1,That seem odd,Why search a car when there was a wreck?,Shouldn't the cop focus on the crash?,Why did the first car get searched and not everyone?,Where are the other emergency services?,3,4,4,4,4,4,4,3,3,3,4,3,4,4,4,2,1,1,2,1,7,2,32,3,VicariousOutgroup:1
1,i wonder why the locals were going to the event,did the locals hit someone,-99,-99,-99,5,-99,3,3,3,4,2,1,1,2,1,1,2,1,4,2,1,-99,-99,-99,1,1,58,3,VicariousOutgroup:5
1,That is awful.,That sucks.,Why are they allowed to pass.,Maybe if I explain.,"Should be considerate maybe they have a reason, maybe the car is similar. ",3,3,4,2,1,1,1,1,2,3,3,2,3,4,1,1,1,1,2,2,1,2,37,2,Vignette-Self
1,It's rather annyoing to have to wait,I think I should just go around,Don't want any trouble here,I'm probably ging to be a little late,I need to get where I'm going asap,3,2,4,2,3,3,3,2,2,2,4,3,5,3,4,1,2,2,1,2,4,1,27,3,VicariousOutgroup:5
1,I would be very confused,i would be scared of what might happen,i would be angry that i was going to miss my event,i wondered why some people could go on,why was i chosen to stop,4,5,5,5,3,3,4,3,4,4,5,5,5,5,1,2,1,1,1,1,3,1,63,3,Vignette-Self
1,There must be a mistake,They don't seem like the kind to hit and run,The police are harassing them because they are from out of town,Maybe they are guilty,I hope they make it to the event,4,5,4,4,5,3,3,1,3,5,5,5,5,5,2,2,2,1,1,3,4,2,54,3,VicariousIn-group:5
1,They were involved in the hit and run.,They might be in trouble.,Should I pull over and see what happens.,Will they go to jail?,Is there any way they can make the event?,4,4,4,3,3,4,4,4,4,4,3,3,3,3,2,1,1,2,1,2,2,1,22,4,VicariousIn-group:5
1,I hope that nothing stops me from going to the event.,Does knowledge of another American put a responsibility on me to be nosey?,Should I miss my event and see if my new friend is ok. ,It is not like it is America where the guy might get shot for failing to follow instructions.,Sucks to be them.,3,3,2,1,2,1,3,1,1,1,2,1,3,2,2,2,1,-99,2,1,4,1,37,3,VicariousIn-group:1
1,why do people have to be so mean,tourist are not hrting anybody,"this is awful, they will miss a once in a lifetime adventure",-99,-99,4,4,4,4,4,4,4,4,4,4,4,4,4,4,3,1,1,1,-99,-99,5,2,32,3,VicariousOutgroup:1
1,This is kind of weird.  Why are the people in the car being targeted?,I'm glad I don't have to miss my event.  I am allowed to go slowly on.,Maybe the people in front are kind of getting what they deserve.,I hope nothing else happens that causes me to miss my event.,I'm really looking forward to the event i am on the way to.,4,2,2,2,4,4,4,2,2,4,2,1,3,2,2,2,3,3,1,3,1,1,55,3,VicariousOutgroup:5
1,not casly hotel ,not our favoritr food in that hotel,old model hotel ,very poor repance that hotel,not good desingn rooms,4,3,4,5,3,4,2,3,4,5,2,1,3,2,2,2,3,2,2,3,3,-99,31,2,VicariousOutgroup:5
1,I wonder if the hit and run victim survived.,"The cop does not get paid enough for this.,",How long will the cop be here?,why were they stopped and not me. ,will they be refunded for the event?,3,4,3,4,3,4,3,4,3,2,1,1,1,1,4,2,1,2,3,1,2,1,31,2,VicariousIn-group:5
1,tHESE PEOPLE WILL MISS THIS EVENT,iT is not fair to them,i hope they msaybe nget away in time to see at lweast sdoem part of the event,that could have been me,Thank god it wasn't,5,4,4,3,5,5,4,3,3,3,4,4,4,4,2,1,1,2,2,3,5,1,68,3,VicariousIn-group:5
1,Good,Nice,Ok,Awesome,Nice,2,3,3,3,3,3,4,4,3,4,2,2,3,2,5,2,2,1,2,2,3,1,34,5,Vignette-Self
1,I wonder why the cop wants them to pull over and not us,Were they involved in something I don't know about?,Are they ok? Is this search legal?,Is this going to be like that TV show where people are locked up abroad?,Should we stop and see if they need help? I feel too afraid to stop that they would harass us.,4,4,3,5,4,3,4,3,3,4,3,3,2,3,2,1,1,1,1,1,2,2,29,3,VicariousIn-group:1
1,interesting,fun,cool,informative,interesting ,4,3,2,3,4,3,3,2,4,3,4,2,3,2,5,3,3,3,3,3,3,1,28,3,VicariousOutgroup:1
1,I would be worried,Would get angry,would be upset,Try to make some other way,Try to leave that situation ,5,5,5,5,5,5,5,5,5,5,4,4,4,5,2,2,2,2,2,2,2,1,30,5,VicariousIn-group:1
1,Why are they being stopped,Why are they being searched,It's to bad they will miss the event.,Why are the police convinced that the car was involved with the hit and run,I wonder what happened to the victims of the hit and run. ,4,5,4,4,4,3,2,1,2,3,3,2,5,5,2,2,2,2,1,2,2,1,46,3,VicariousIn-group:5
1,The locals are kind of jerks.,I bet they are guilty of the fhit and run.,But if they aren't does that make me a bad person for assuming they are?,Well I'm not going to worry about it and I'm just going to go to the event.,Don't make eye contact with the locals during the rest of my trip. ,2,1,1,1,3,2,1,1,1,1,1,1,1,1,4,3,3,2,3,3,1,1,31,3,VicariousOutgroup:5
1,I would be completely pissed off,I would be somewhat distressed,I would feel totally unlucky,I would be a little nervous ,I would be highly perturbed ,3,5,4,4,3,3,3,1,1,1,3,3,3,3,2,1,1,2,1,1,5,2,30,1,VicariousIn-group:5
1,why is the cop stopping them?,did they do something wrong?,What is going on here,-99,-99,3,3,3,1,3,3,3,1,1,1,1,1,1,1,2,2,2,2,-99,-99,3,2,37,3,VicariousIn-group:1
1,nice,good,perfect,powerful,wonderful,4,3,5,4,5,3,4,4,5,5,4,5,4,5,5,2,3,2,3,3,4,1,30,1,Vignette-Self
1,I hope nobody got seriously injured in the accident,I hope the the officer will only question them and let them go,I hope I'm not late for my event,I hope it doesn't delay other drivers,I hope everything turns out for the best,4,4,4,4,5,5,5,3,5,4,4,3,3,3,4,3,3,2,3,3,7,1,60,4,VicariousOutgroup:1
1,Unsettling scenario,I felt a little uneasy about the situation,I wondered if everything was okay,I was unsure about my safety,I was relieved it had nothing to do with me,3,2,2,4,4,4,4,3,2,3,4,2,4,3,2,1,1,2,2,3,2,2,32,6,VicariousOutgroup:1
1,Why am I being singled out for search?,Do they have a cause to search my vehicle?,Can I stop them from searching my car?,How late am I going to be?,Wouldn't they see that there is no visible damage to my car?,5,5,5,4,3,3,3,4,5,4,5,5,5,5,1,1,1,2,1,1,4,1,27,3,Vignette-Self
1,Breathe,Use a mantra.,"Focus on the present.
",Write things down.,Anxiety and overthinking tend.,5,4,5,3,4,5,4,4,3,4,4,5,5,4,1,3,3,3,3,3,3,2,27,3,VicariousIn-group:5
1,i should bribe the cop,this stinks,i was looking forward to this,this country is corrupt,maybe i can get a refund,5,5,5,5,5,5,5,5,5,5,5,5,5,4,1,1,1,1,1,2,2,1,34,2,Vignette-Self
1,This is ridiculous.,This is so unfair.,Why am I being searched?,I'm going to miss out on something amazing.,The police are incompetent.,5,5,5,4,3,4,5,4,4,5,4,3,5,5,3,1,1,2,1,1,3,1,32,4,Vignette-Self
1,worried,scared about whether i'll get in trouble,think about whether i should talk to them,will i miss the event,did they really hit and run,5,5,5,5,5,5,3,3,5,3,5,5,5,5,2,1,1,1,1,1,1,2,37,4,VicariousIn-group:1
1,It is strange.,Why is there a loud speaker.,I would not want to go to that country.,I wonder why they did not like tourists. ,Why did they stop a car then and there.,4,4,4,4,3,3,4,2,3,3,3,2,4,3,4,1,2,1,2,1,2,1,36,3,VicariousOutgroup:5
1,I wonder why the police officer is standing in the road?,Why did the police officer stop the other American from the hotel?,Was the other American from the hotel involved in the hit and run?,The other American from the hotel must have a similar car to the one involved in the hit and run but I doubt that specific car was involved. ,I hope the other American from the hotel wasn't involved.,3,3,3,3,3,3,3,1,1,2,2,2,2,2,2,2,2,2,3,3,5,2,37,3,VicariousIn-group:1
1,jail,what is is the cops reasoning,Going to be late,How long will this take,what time is it,4,3,4,2,3,3,4,4,5,3,3,1,3,3,2,1,1,2,1,3,4,1,35,1,VicariousIn-group:1
1,That would be really inconvenient,I would not know what is going on,I would think that I was being targeted, I would wonder what is going to happen next, I would assume the worst,5,5,5,4,5,5,5,4,4,5,5,4,5,5,1,1,2,1,2,1,1,2,37,3,Vignette-Self
1,Why am I being stopped,Is this a scam,am I being signaled out because I am foreign ,anger,annouyance,5,5,5,5,3,5,5,2,4,5,5,3,5,4,1,1,1,1,1,1,4,2,30,3,Vignette-Self
1,Somebody's in big trouble.,Glad they didn't stop me.,Hope they weren't involved.,I don't understand how someone can hit someone else and just drive off.,No different in this country than it is in the United States.,1,1,1,1,1,1,1,1,1,1,1,1,1,1,2,2,3,3,2,1,1,2,44,3,VicariousIn-group:1
1,Confusion. Why is this happening?,Suspicion. Am I being singled out for some reason.,Irritation. This is ruining my vacation.,-99,-99,4,5,4,4,5,4,4,2,4,4,5,3,4,4,1,1,1,1,-99,-99,5,1,56,3,Vignette-Self
1,Are we all going to be shaken down for bribes by these corrupt policemen?,What is really going on here?,This reminds me of what I heard about the Dominican Republic -- that cops are paid very poorly by the government and they are basically reliant on extortion and bribes to support themselves. ,I am glad that they let us through. ,The USA is a high-trust society and many third world countries are low-trust. ,1,1,1,1,1,1,1,1,1,1,1,1,1,1,4,2,2,2,3,3,1,1,44,4,VicariousOutgroup:5
1,Do they think I am the guilty party in the hit and run?,Why do they need to search inside the car when evidence of a hit and run would be visible on the outside of the car?,Was there really a hit and run at all?,Is the cop part of a crooked organization?,"Am I going to be extorted, or taken for ransom?",5,4,5,5,5,5,4,4,5,5,5,4,3,5,1,1,1,1,1,1,2,1,42,3,Vignette-Self
1,vacation in a foreign country,driving a rental car to visit one of the destinations on your planned outing.,approaching a police officer standing in the road who motions for the car in front of you to slow down.,"You all have become close over the course of the days leading up to the event, having meals together and talking often.
","officer on the loud speaker that there was a hit-and-run earlier and states to the car in front of you that they are not allowed to proceed, without giving any good reason.",4,5,4,5,4,3,5,4,5,4,4,3,4,5,4,3,2,2,3,2,6,2,26,3,VicariousIn-group:5
1,neutral ,confused,na,na,na,3,4,4,3,3,2,4,4,3,4,3,3,4,4,4,2,2,1,1,1,3,1,26,3,VicariousIn-group:5
1,Enjoy the vacation,How to escape to the police officer ,Who live in town near the hote,Why they are not allowed to proceed,In overheard their group arguing with other hotel,4,5,3,4,4,3,5,4,4,3,4,3,4,4,5,2,3,3,2,2,7,1,22,3,VicariousOutgroup:5
1,Why are they being singled out?,What can I do to help them?,What if they did do something wrong?,I am so glad that isn't me! ,That is really scary,3,4,3,4,4,3,2,1,4,2,4,4,4,4,2,1,2,1,3,1,4,2,28,3,VicariousIn-group:1
1,I wonder if it is because they are American.,That sucks for them.,I hope I'm not late to the event.,I hope I don't get searched too.,Hope they are innocent.,2,3,3,3,3,3,3,2,2,2,1,1,1,1,2,1,1,1,1,1,5,2,27,3,VicariousIn-group:5
1,I feel sympathy for the other person from the hotel,I wonder if they were really in the hit and run ,I hope that they are soon cleared if it was that their vehicle matched description,I wonder if they were profiled because they are foriegn,-99,1,2,2,1,3,3,4,1,1,1,2,1,2,2,2,3,2,3,1,2,2,2,31,3,VicariousIn-group:1
1,I would be scared of what was going to happen.,I would wonder was the people in the car going to start shooting at the police.,I would be praying to get my family out of there safely.,I would think those people should be glad for travelers  because it brings in more money for their country.,I would hope the police would arrest the people who caused trouble.,1,1,1,1,1,1,1,1,1,1,2,1,2,2,4,1,1,3,2,3,1,2,46,3,VicariousOutgroup:5
1,"I am in a foreign country, how exciting! Can't wait to visit my destination!","A police officer? Are they approaching me? No, the car in front of me. Uh oh, that's my friend.","Apparently there has been a hit and run, do they suspect my friend?",Yikes! The police officer says my friend is not allowed to proceed.,I wonder what should I do?,4,5,5,2,4,-99,3,1,1,4,5,2,5,4,2,3,1,2,1,1,7,2,30,6,VicariousIn-group:1
1,I hope I don't get pulled over,I wonder why they got pulled over,I hope they still make it to the event,I sure am glad I didn't get detained,I can't wait to get to the event,1,1,1,1,4,3,3,2,1,2,2,2,3,3,2,2,2,3,3,2,3,1,56,3,VicariousIn-group:5
1,I hope I am not delayed too much.,I hope nobody is seriously hurt.,This could take a while.,I have nothing to worry about.,"THey can search my car, too",3,2,1,1,2,2,2,1,1,2,2,1,2,2,2,2,3,1,3,2,2,2,39,3,VicariousIn-group:5
1,I wonder what is going on in front of me?,I am curious if the people in front of me have anything to do with the reported hit and run.,Why are the people in front of me so rude and hostile towards tourists?,Am I going to be be in trouble with the police officer as well?,What is the police offer searching fro in the car in front of me?,2,1,4,5,3,2,1,2,1,3,5,4,5,3,2,2,1,1,2,1,7,1,25,2,VicariousOutgroup:5
1,they are racist,the group going to be mad at me,happy i will make it to the event,if i should go back and check on them,talk to the officer and see if i can help to let the group go,5,5,5,5,5,5,5,3,3,3,5,5,5,5,2,1,1,3,2,3,4,2,29,3,VicariousIn-group:5
1,I thought about what was happening,I was thinking about the event I was going to,I was thinking about what the people did,I was thinking about the officer,I was thinking about safety,2,3,2,2,3,3,2,1,2,2,2,2,4,3,2,2,3,1,2,2,5,2,42,3,VicariousOutgroup:5
1,riding a rental car,drive to planned spot,approach to a police officer,asking about a nrighbourhood person,speaking about a speaker,4,4,3,4,5,4,4,4,5,4,1,1,4,4,4,3,3,3,3,3,4,1,32,1,VicariousOutgroup:1
1,Why am I being singled out?,This really sucks that I'm going to miss my event.,Is there anything I can do to speed things along?,This cop is a dick.,I hope they catch the guy who actually did the hit and run.,5,5,5,4,4,4,4,4,4,4,5,4,5,5,1,1,1,2,1,3,2,1,32,3,Vignette-Self
1,wow,This is crazy,weird vibe for the day...,Whew,speechless,4,4,4,4,4,5,5,5,5,5,4,3,4,3,2,1,1,1,3,2,2,2,33,1,VicariousOutgroup:1
1,I am worried about them,Are they going to try to frame them for this hit and run?,I am scared for their safety,I should make sure they are okay but I do not have any leverage or power in a foreign country,I need to check back up on them,5,5,5,5,5,5,5,3,3,3,2,2,2,2,2,1,1,1,2,2,1,2,29,3,VicariousIn-group:1
1,This whole story is confusing. ,Was the cop waiting?,How do I notice people in a car from a town I am only visiting? ,Did this person hurt someone?,I need more detailed information,1,1,1,1,3,3,3,2,1,3,5,4,5,5,4,1,2,2,2,2,4,1,41,3,VicariousOutgroup:1
1,life,easy going,outside,fun,relaxing,3,4,3,2,3,2,3,4,3,2,3,2,4,3,2,2,1,2,2,1,3,1,30,1,VicariousOutgroup:1
1,I hope I don't get into legal trouble in a foreign country.,I'm glad I can pass by.,Is there anything in my car or bag I shouldn't have?,Do I have my passport with me?,I hope there aren't further police stops down the road.,2,2,1,1,2,1,2,1,1,2,1,1,1,1,4,1,3,2,2,1,7,1,49,3,VicariousOutgroup:5
1,nice ,good,very nice,very good,very good,4,3,4,4,3,4,3,4,4,3,4,3,4,3,5,-99,3,3,3,3,4,1,32,1,VicariousIn-group:1
1,I wonder what was the problem,I wonder if they did something illegal,I'm sad for the person.,I feel it's an anxious situation,I wonder if they will miss the event,5,4,2,3,3,3,2,2,3,2,1,1,1,1,2,2,1,1,1,1,3,1,32,3,VicariousIn-group:1
1,I wonder where I am.,This seems odd.,I hope I don't end up in some foreign jail. ,-99,-99,4,4,3,4,3,3,4,1,2,2,3,2,3,3,1,2,2,1,2,2,4,2,36,3,Vignette-Self
1,Hate about the hit and run victim.,wonder why the cop pulled other car over? ,wonder why cop let me through?,wonder why the story has so many details that aren't pertinent/,I didn't have that many thoughts.,5,5,5,5,5,5,5,1,5,5,4,3,4,4,4,3,1,1,1,3,3,1,40,3,VicariousOutgroup:5
1,What was going on and be anxious.,What did I do wrong.,Am I going to be in trouble for something I didn't do,-99,-99,3,4,4,4,3,4,3,3,3,3,4,3,4,4,5,1,1,1,2,2,5,1,37,3,VicariousIn-group:5
1,This though is very interesting.,Though is very improve.,Very diffeculty in the though,The though is very qualify,Very experience in this though.,4,3,4,3,4,3,5,3,4,3,4,2,3,4,5,3,2,3,2,3,3,1,34,1,VicariousIn-group:1
1,what happened,why the people i know,what did they do,"OMG, did they do this?",These guys are innocent,4,5,5,4,4,3,4,4,4,4,5,4,5,4,2,1,1,1,1,3,4,2,30,3,VicariousIn-group:5
1,I wonder if the American is okay.,Was the American the one to hit and run?,Was the cop going to arrest him?,It really sucks that I'll miss the event.,I wonder if I can go another time.,2,4,3,2,3,3,3,2,2,2,4,3,4,4,2,2,3,2,1,1,2,1,29,6,VicariousIn-group:1
1,very good and nice,this scenario is very perfect,I think is good and nice,wonderful,very expect the write this scenario,4,5,4,5,3,4,5,4,5,4,4,3,4,5,3,2,3,2,2,3,3,1,30,1,VicariousOutgroup:5
1,They are being targeted,They are going to be mad they miss the event,They will blame the tourists,It is not fair the cops are stopping them,I would feel bad for them,5,4,4,4,5,4,4,1,2,3,3,3,4,3,2,1,1,2,1,2,3,2,44,3,VicariousOutgroup:5
1,I'm nervous as to why the police officer is stopping the cars.,I wonder if the five people in front of us have done anything wrong.,I'm worried I'm going to miss the event.,I wonder if the 5 people will get into trouble.,I'm relieved we're able to pass through.,3,2,2,2,2,2,2,1,1,1,1,1,1,2,2,1,1,1,1,3,4,2,39,4,VicariousIn-group:5
1,This is annoying.,This is unfair.,They better not be fake cops that end up robbing me.,I wonder if a refund can happen.,I hope this never actuall happens,4,4,4,4,3,3,3,1,3,3,4,3,3,3,1,1,1,1,2,2,1,1,26,2,Vignette-Self
1,The group probably did the hit and run,Someone might have witnessed the event and gave police the description of the car,The police officer probably suspected the group,The little town might probably not be safe enough for me as they not welcoming.,I definitely wont advice a friend to come vacate at the town,1,1,2,4,2,2,2,4,2,3,4,4,4,4,2,1,1,1,1,1,6,1,26,1,VicariousOutgroup:5
1,THEY ARE GUILTY,they deserve what  is happening to them,that was terrible,hit and ran is a bad experience,that was wrong,2,2,3,3,2,4,3,3,3,2,2,2,2,2,2,1,1,1,1,1,3,1,30,1,VicariousOutgroup:5
1,This is unfair.,Why am I being targeted?,I will be so mad if I miss my trip.,The cop is unprofessional.,I wish I was given more information.,4,5,5,5,5,5,5,5,5,5,5,5,5,5,1,1,1,1,1,2,1,1,36,3,Vignette-Self
1,Why was i stopped?,Did I do something that was suspicious?,Is it because of how I look?,Should I ask why I was stopped?,Should I ask why others are allowed to drive by?,3,5,5,3,3,3,4,2,3,4,5,4,5,5,1,2,2,2,2,2,1,1,28,2,Vignette-Self
1,The locals committed a crime.,I hope angry locals don't hassle me.,I don't want to miss the concert because I was slowed down.,"Maybe, I should stay in another hotel or another town the rest of my stay.","I hope I don't have to know what is going on; my vacation time is very precious and rare and I always have to do the right thing and I don't feel like doing any ""right"" thing right now.",3,1,1,1,1,1,1,1,1,1,4,2,4,2,2,1,1,1,1,1,2,2,51,6,VicariousOutgroup:5
1,Am I going to have enough time to make the event.,What will happen to the people in front of me.,How will the event be.,-99,-99,2,3,4,2,3,2,2,2,1,2,3,2,2,2,4,2,1,3,-99,-99,2,1,20,3,VicariousOutgroup:5
1,Very Happy moment.,Feel the excited moment.,slightly  stress for the miss the event . ,Enjoy the moment.,Not allow the police officer in this situation slightly for bad luck.,4,4,5,4,4,5,4,4,5,5,3,2,4,4,1,3,3,-99,3,1,2,1,32,1,VicariousOutgroup:1
1,Bad luck,Now what?,You have to find a solution,Because they hate guests?,I am done,3,4,4,4,3,5,4,3,5,5,1,1,1,1,5,1,2,2,1,1,7,1,38,3,VicariousOutgroup:5
1,I thought I was in danger,I thought the person in the car in front of me was in danger,I thought I had no power in this situation,I hoped everyone would make it past here without trouble,I feel sorry for the guy that won't make it to the event,4,3,2,3,3,3,3,1,1,2,1,1,1,1,2,1,1,1,3,1,3,1,37,3,VicariousIn-group:1
1,enjoy the vacation,i love driveing a car,cofusing,gilty,sad,3,3,4,4,3,2,3,4,3,3,3,2,2,3,2,2,3,-99,2,1,4,1,25,3,VicariousOutgroup:1
1,Why did the police officer pull them over specifically?,They must have been involved with the accident.,"If they were the ones that did it, why were they back driving through again?",-99,-99,2,2,3,1,3,2,2,3,3,2,3,2,4,2,2,1,1,1,2,2,4,1,23,3,VicariousOutgroup:5
1,I would be scared of this event in a foreign country,I would be scared for these people being searched because we are in a foreign country,-99,-99,-99,5,5,5,5,5,5,5,5,5,5,5,5,5,5,2,1,1,-99,-99,-99,2,2,22,3,VicariousIn-group:1
1,Excitement,COnfusion,Curiosity,Worry,Excitement,1,1,3,1,2,2,2,1,1,1,2,1,2,1,4,3,2,2,1,3,5,1,43,3,VicariousOutgroup:5
1,I don't like this.,Such an unfortunate day for me.,Why do I have to miss the event ? ,It is wrong.,I don't know what to do now.,4,4,5,5,4,3,3,3,3,3,4,4,4,4,2,1,1,2,1,2,3,1,24,3,VicariousOutgroup:1
1,Notice When You're Thinking Too Much. Awareness is the first step in putting an end to overthinking,"Keep The Focus On Active Problem-Solving. 
","Drop your shoulders and do a gentle neck roll.
","Massage your hand, which will activate oxytocin.
","Put something that's out of place in its place.
",5,4,3,5,4,5,3,4,5,4,4,5,4,3,1,3,2,3,2,3,6,2,26,3,VicariousOutgroup:5
1,WTF.,Are they black?,Was there really a hit and run?,Was there really a car matching their discription,Should i stop,4,4,4,4,4,3,4,4,4,3,4,4,4,4,2,1,1,1,1,2,2,2,36,3,VicariousIn-group:5
1,I feel like what are the chances!?,I am screwed.,"This sucks, this was supposed to be fun!",I hate my circumstance now.,I do not know what I am going to do.,2,3,3,2,3,4,3,4,3,2,3,2,3,4,1,2,1,1,1,2,7,2,25,3,Vignette-Self
1,I didn't do anything,so much for the event,-99,-99,-99,5,4,4,3,4,5,5,3,3,4,2,1,2,2,5,1,1,2,2,2,2,1,35,3,VicariousOutgroup:5
1,Rage,sad,pain,"shame
",Hate,4,3,3,4,4,3,4,3,3,4,4,5,4,4,5,1,1,1,1,1,7,1,36,3,VicariousIn-group:1
1,I wonder if this scenario is real,I really can't see myself in this scenario, I wonder how long this survey will last,I hope I get paid quickly with this survey,I like to earn money,3,2,4,3,3,2,3,3,3,3,3,2,2,3,4,3,2,2,2,2,7,1,39,3,VicariousIn-group:5
1,I was scared,I was worried,I was anxious,-99,-99,4,4,4,4,4,4,4,4,4,4,4,4,4,4,2,3,3,3,3,3,4,1,28,3,Vignette-Self
1,What they did,What happened,How long will it take ,What trigger this ,What are others thinking ,4,3,4,3,4,3,4,4,2,3,3,1,1,2,2,2,2,3,2,2,3,1,25,1,VicariousIn-group:1
1,"If I am taking a once-in-a-life trip, then I am definitely on a road in Scotland with tickets to a festival. ",Why would a police officer be pulling over the car in front of me? This seems strange. ,Was the driver and the my American friend responsible for the hit and run-please. Don't let it be true! Why would the police guy be pulling them over? I hope everything is okay. ,This is bugging my conscience. Should I skip my trip/destination for my tickets and get out and vouch for my American friend even though this will delay my trip? I see that the police guy is going to do a search. ,"Are the researchers of this survey going to ask me to choose between my new trip and my friend. Just, what is going on here?",4,3,3,3,2,3,2,1,3,2,3,3,3,1,2,3,2,1,1,1,2,2,28,3,VicariousIn-group:1
1,support,leading example,sho can hellp,learning experiecne,what could have been done different,4,5,5,5,5,5,5,4,4,5,4,5,5,5,4,1,1,1,2,3,2,2,24,1,VicariousIn-group:1
1,good ,like,good,nice,likr,4,3,4,3,4,3,4,5,4,3,4,5,3,4,5,2,3,2,3,2,5,1,35,2,VicariousIn-group:5
1,Run,Fear of arrested,being stuck in this country,This must be what black people feel like,how can I disarm the cop.,4,3,4,4,3,3,4,4,3,4,4,3,4,4,1,2,1,1,1,3,4,1,30,3,VicariousOutgroup:5
1,hope no one got hurt,glad it was me that was hit,-99,-99,-99,1,2,1,1,1,1,1,1,1,1,2,1,2,1,4,2,3,2,2,2,2,1,27,4,VicariousIn-group:5
1,i think i should help those other guys,i would give the cop a good reason and reach the event,if the cop doesn't consider our statement il wait for them along with them,-99,-99,4,4,4,5,2,3,5,4,3,2,3,2,5,4,2,3,1,3,2,2,7,2,28,3,VicariousIn-group:5
1,interesting,very useful,good,-99,-99,4,5,4,5,3,4,5,4,5,4,4,2,3,4,2,3,3,3,3,3,2,1,32,2,VicariousOutgroup:5
1,Why have I been singled out?,Is this legal?,-99,-99,-99,5,5,5,5,3,3,5,3,5,3,1,1,1,1,1,1,1,2,2,2,1,1,51,3,Vignette-Self
1,very useful,interesting,good,-99,-99,4,5,3,4,5,4,3,4,3,5,4,3,5,4,2,3,3,3,3,3,2,1,24,2,VicariousIn-group:5
1,interesting,good,very useful,-99,-99,4,5,3,5,4,3,5,4,5,5,3,5,4,5,2,3,3,3,3,3,2,1,32,2,VicariousIn-group:5
1,I feel happy,"I feel good
",with trust,with hope,none,4,4,3,4,4,3,4,2,4,4,1,1,1,1,2,3,3,3,3,3,4,1,30,3,VicariousIn-group:5
1,Worry,Relief,concern,happiness,-99,5,2,3,3,4,3,5,1,4,4,2,1,4,3,2,1,3,1,3,2,6,1,65,3,VicariousOutgroup:1
1,Should I stay and wait for them,I hope they are okay,I am excited about the trip.,-99,-99,3,4,3,3,3,3,3,1,1,1,3,2,2,2,2,2,1,3,-99,-99,1,2,32,1,VicariousIn-group:5
1,I was mad,WTF?,Why can they go and not me?,I need to get through,This is unfair,5,5,5,4,5,5,4,2,4,5,5,4,5,5,1,1,1,2,2,1,1,2,48,3,Vignette-Self
1,Whew at least I am good,That sucks for them,I wonder if they did it,They were pretty nasty anyway though,Hopefully everything works out fine,2,2,2,2,3,1,1,1,1,1,2,2,2,2,4,3,1,2,1,3,2,1,24,4,VicariousOutgroup:5
1,I hope they don't stop me,why did they stop  them,Is it drugs?,Was it just an attitude they gave the police?,-99,2,1,1,1,3,3,2,1,1,1,1,1,1,1,2,3,2,1,1,2,1,2,38,1,VicariousOutgroup:5
1,I am nervous,I dislike police,I am comforted by a familiar face,I am relieved ,I don't plan to stick around,5,5,5,5,5,5,5,3,1,5,5,3,5,5,2,1,1,3,3,2,1,1,27,1,VicariousOutgroup:1
1,I would feel violated.,Inconvenienced.,Annoyed.,Discriminated.,Angry.,3,4,5,3,2,3,3,2,2,2,4,5,5,4,1,1,1,1,1,1,2,1,27,6,Vignette-Self
1,I am worried about my friend's safety.,I wonder if I should stop as well.,I wonder if my new friend was involved in the hit and run.,I don't want to miss the special event I'm heading to.,I wonder if the police officer is corrupt.,5,3,3,2,4,3,3,2,2,3,3,2,3,2,2,1,2,1,3,1,2,2,43,3,VicariousIn-group:1
1,I'm going to pull over to make sure the driver is safe.,I hope they arent trying to frame this person.,Never know what can happen in a foreign country.,Call the hotel,Pull over and ask if I can talk to the driver.,4,4,4,4,4,4,4,5,5,5,5,4,5,5,2,3,3,3,2,3,1,1,41,3,VicariousIn-group:1
1,surprise,ashtonished,fear,-99,-99,4,3,5,4,5,5,4,4,5,3,4,3,4,3,5,3,2,3,2,3,2,2,44,4,VicariousIn-group:5
1,I am very upset.,I am disappointed.,I am livid. ,I am going to miss the event.,I am never coming back to visit.,4,5,5,5,5,5,5,3,3,3,5,5,5,5,2,1,2,2,2,2,1,2,44,1,VicariousOutgroup:1
1,This stinks,I'm going to miss what I was looking forward to,The car must have looked like mine,I wonder if the person who was hit is ok,what else can I do to make up for the event I missed,2,2,3,1,4,3,3,2,2,3,5,3,5,4,1,1,1,2,2,3,4,1,24,3,Vignette-Self
1,This is unfair,They're trying to do their job,Why are they searching me again?,They're not going to find anything,How much longer will I have to be here?,2,5,3,3,4,2,1,3,5,4,4,2,2,4,1,1,3,2,2,1,2,1,26,1,Vignette-Self
1,Why was the other driver arguing with other patrons.,Why is the driver biased against tourists.,What happened in the drivers life that made him cold and argumentative towards others.,The driver being pulled over made me slightly happy.,Why did the police pull the driver over. Were they a suspect in the hit-and-run.,2,1,2,2,2,1,1,1,1,1,2,1,2,1,4,1,1,1,3,2,2,1,32,3,VicariousOutgroup:1
1,It is an unfortunate for the car in front of me,I hope they are no issues with the car in front of me.,I am glad it was not me,I dodged a bullet,I hope they can still make the event.,3,3,4,4,3,4,4,3,2,2,2,2,3,2,2,2,3,3,3,2,2,1,28,3,VicariousIn-group:1
1,I thought the person who I have met in the hotel may have hit and killed someone.,I wondered why they were being searched and not us.,I felt that it sucked they were going to miss the event.,-99,-99,1,3,2,1,3,3,1,1,1,1,1,1,1,1,2,1,2,1,2,2,3,1,29,3,VicariousIn-group:1
1,This is kind of sketchy.,Are the police in this foreign country corrupt,That stinks for the person being pulled over but there's nothing I can do.,I should probably just keep driving.,I don't want to be late for the event.,3,3,2,2,3,3,2,2,2,3,2,2,2,2,2,1,1,1,2,2,3,1,28,3,VicariousIn-group:1
1,perfect ,wonderful,good write and nice reading,I think the scenario very much,All people like this scenario,3,4,5,4,4,3,5,4,5,4,3,5,4,4,5,2,2,3,3,2,2,1,32,1,VicariousIn-group:1
1,I was wondering if I could help my fellow American in any way.,I was wondering if they were really involved in a hit and run earlier.,I was wondering if it was all just a big misunderstanding.,I was wondering if I should stop and see if there is anything I can do.,I was wondering if I would miss the event if I stopped.,2,3,2,1,2,2,2,1,1,1,3,2,3,2,2,3,1,2,3,1,4,1,29,3,VicariousIn-group:1
1,hard to believe,what did they do,-99,-99,-99,2,1,1,2,1,2,2,1,2,2,1,1,2,1,2,1,2,-99,-99,-99,2,1,28,6,VicariousIn-group:1
1,Mainly I think my partner has something to do with this,Would have to demand an explanation from the authorities,That my ticket would be wasted time and money from my trip if I'm not going to attend the planned event,That something is happening and as a person Afulta deserve an explanation,-99,3,4,4,4,5,4,3,4,4,4,3,4,3,4,5,3,3,3,3,3,6,1,35,3,VicariousIn-group:1
1,GITTERY,AFRAID,SUSPICIOUS,SOMETHING MISSING,UPSIDE AND DOWN,4,5,4,4,4,4,-99,5,4,4,4,-99,4,4,3,1,1,1,2,2,5,1,32,3,VicariousIn-group:5
1,"Use cognitive distancing. Our mind usually worries about things it is convinced are true but, most of the time, are actually not true","Use a mantra
",Focus on the present,Write things down,Breathe,4,5,3,4,5,4,5,4,5,4,4,5,3,5,5,3,2,3,2,3,5,2,26,3,VicariousIn-group:5
1,I wonder why they are being searched?,I wonder why I am not being searched?,I wonder who did they hit and run?,Are my new friends being pulled over because they are American?,Did my new friends have involvement in the hit and run?,5,5,5,5,5,5,5,3,3,3,1,1,2,1,2,2,2,2,2,2,4,1,35,3,VicariousIn-group:5
1,fear,curiousity,was this guy guilty?,are they picking on Americans?,confusion,4,3,3,3,4,4,3,2,2,2,4,2,4,4,2,1,2,1,1,2,2,1,51,3,VicariousIn-group:1
1,I thought why would the officer single those people out specifically.,I thought maybe they matched a description.,I thought it would be more likely than not that they were not responsible for the hit-and-run if their car had no signs of damage.,-99,-99,4,3,3,3,5,5,5,2,2,3,3,2,3,2,2,1,2,1,2,2,1,1,29,3,VicariousOutgroup:5
1,Why me?,"Oh brother, this is not good.",Why am I the only one singled out.,I am going to miss the event!,This is awful.,5,5,5,4,5,5,4,3,3,3,5,3,5,4,1,1,1,1,1,1,1,2,64,3,Vignette-Self
1,I'm screwed. ,I'm in a lot of trouble. ,I should call the US consulate. ,I need to find my US representative. ,I need to know how to escape. ,5,5,5,5,5,5,5,1,5,5,5,5,5,5,1,1,1,1,1,1,3,1,23,3,VicariousOutgroup:5
1,I wonder if they were involved in the hit-and-run?,I'm glad I won't be missing the event.,I feel bad if they're being held up for no reason. ,I'm eager for this event and hope I make it in time. ,I might not trust those people I've been talking to anymore. ,4,5,4,2,3,3,2,1,1,1,3,2,3,3,2,1,3,1,3,1,2,2,53,3,VicariousIn-group:5
1,Why are we not being pulled over too,Are they being accused of the hit and run?,Why is there car being searched?,Why did we not get stopped at all by the officers?,-99,3,3,3,3,4,3,3,2,2,2,1,1,2,1,2,2,1,2,2,2,7,1,32,3,VicariousOutgroup:5
1,Why are people so mean at times?,I hope nothing bad happens.,Why can't people be more accepting?,-99,-99,3,2,4,3,4,3,4,3,4,3,2,2,3,2,4,1,2,1,2,2,4,1,33,3,VicariousOutgroup:5
1,I don't know how you are identifying people in front of you in a different vehicle.,It isn't clear why that person is being pulled over. Are they a suspect in the hit and run?,I don't know if the police officer is doing anything wrong here.,Everybody hates tourist to their town.,-99,4,1,1,1,5,5,5,1,1,3,1,1,1,1,2,2,2,2,2,2,3,1,30,6,VicariousOutgroup:1
1,sketchy,horrible,sad,anxious,terrible,3,2,3,3,4,4,4,2,3,3,2,2,2,2,4,1,1,1,1,1,1,2,25,1,VicariousIn-group:1
1,Whats going on?,Is he going to stop me?,I hope he doesn't stop me.,I'm glad we get to go through.,I feel bad for the people he won't let pass,4,4,4,5,4,4,4,1,4,4,4,5,5,4,4,2,2,3,3,1,3,2,37,3,VicariousOutgroup:1
1,Feel sorry for the people in front of us as they will miss the event,Scary,-99,-99,-99,4,4,5,4,4,3,3,2,3,2,4,3,3,3,2,1,1,2,2,2,4,2,43,4,VicariousIn-group:5
1,I wonder why that cop is waving at me.,I guess this will hold up traffic.,Maybe I can go in a few minutes.,"Hey, other people are going ahead!",Why was I singled out.,4,5,5,5,4,4,5,2,2,4,2,1,2,1,1,2,1,3,1,1,4,2,58,6,Vignette-Self
1,I thought that the others were quite unlucky,I wished that there was some way I could get them out of this and to the event,I wondered why they would be stopped and if there's discrimination involved,I was curious about the once-in-a-lifetime event,i was a bit relieved I wasn't the one being stopped.,4,4,4,3,4,4,4,3,3,4,3,2,3,2,2,1,2,1,3,3,5,1,27,3,VicariousIn-group:5
1,Should I do something like stop,I wonder if they are really involved.,It would suck if they are innocent,-99,-99,4,5,5,4,4,4,5,4,4,4,2,2,2,2,2,3,3,3,2,2,5,2,29,1,VicariousIn-group:5
1,happy,enjoyment,playing,good event,get a new idea,4,5,3,4,5,4,3,4,5,4,1,3,2,3,2,3,3,2,3,2,4,1,35,3,VicariousOutgroup:1
1,WHAT IS GOING ON?,ARE THEY REAL COPS,WE ARE IN DANGER,I AM SCARED,PLEASE DO NOT HURT ME,4,5,5,5,4,5,4,4,4,5,4,5,5,5,4,2,1,1,1,1,5,1,34,3,VicariousOutgroup:5
1,Why are police stopping them.,Are they bad people or gangsters,Why do the hate tourists.,What will happen if they notice that am a tourist,Why did police allow us to pass without checking.,4,4,4,4,4,3,3,1,2,1,3,3,3,3,2,2,1,1,1,2,4,2,26,1,VicariousOutgroup:5
1,I wonder if they did anything,I wonder if they are being targeted because they are foreigners,I hope something like that doens't happen to me,I feel sorry for them being pulled over,I hope they can somehow make it in time for the event,4,3,3,3,4,4,3,3,2,3,1,1,1,1,2,2,2,2,2,2,2,1,25,3,VicariousIn-group:5
1,like,jock,love,bath,teeth,4,3,4,4,4,3,4,4,3,4,4,5,4,4,5,3,2,2,3,3,4,1,31,2,VicariousOutgroup:5
1,I think it's something unfair,I would cause some discomfort to see another person miss an event for which he has been waiting,I wonder what would be the real reason why the officer wants them to stop,-99,-99,5,5,5,-99,5,5,5,5,5,5,5,5,5,5,4,3,3,3,-99,-99,3,1,35,3,VicariousOutgroup:5
1,I wondered why they were suspicious of me,I wondered if they thought I did the hit and run,I was thinking that I better be scared,wondered whether they were going to make me pay a fine,wondered if I would be able to get refund,4,5,5,5,4,4,4,-99,4,4,5,4,5,5,1,1,1,2,1,2,3,2,40,6,Vignette-Self
1,"This could go really badly for them but if they hit somebody with a car, they deserve whatever they get.","I need to remember to find out what happens to them. If they're innocent, they might need legal or consulate help.",I hope the cops don't want anything to do with us.,I knew we should have stayed home instead of traveling overseas.,"Whew, they didn't make us stop.",1,3,2,1,3,1,2,1,1,1,2,1,2,3,2,1,2,3,1,3,4,1,38,3,VicariousIn-group:1
1,I would be worried that the officer will come to harm. ,I would be worried for the people in the car in front of me.,I would be worried that I am going to be late. ,I would be worried that the police would want to question me.,-99,2,1,1,1,1,1,1,1,1,1,1,1,1,1,3,1,1,1,1,2,3,2,43,6,VicariousOutgroup:1
1,nice,very nice,suber,good,very,4,5,4,5,4,5,4,5,4,5,4,5,4,5,1,2,3,2,3,2,4,1,29,1,VicariousOutgroup:1
1,Am I getting pulled over too?,What did that car do?,I'm glad I'm not in trouble.,Why do these locals care about tourists?,I don't want to come here again.,1,1,1,1,1,1,1,1,1,1,1,1,1,1,4,1,2,3,1,1,4,1,23,4,VicariousOutgroup:5
1,"Prepaid gasoline charges appeal to our desire for simplicity while traveling, and also to concerns about being late for flight",Typically waives financial responsibility if the rental car's damaged or stolen; also covers loss-of-use charges ,with your credit card company to see what additional rental car coverage is provided,Basic car insurance typically covers you in the event you cause injury or property damage while driving a rental,"When you buy auto insurance, you're required to buy a state-mandated amount of liability coverage ",5,4,5,4,4,5,4,5,4,5,5,4,4,5,2,3,2,3,3,2,5,2,26,3,VicariousOutgroup:5
1,I hate that this is happening.,I am a bit nervous about the situation.,I hope everyone is okay.,I feel bad for the family.,I am rethinking this trip.,2,3,3,3,3,3,2,3,4,3,4,3,5,3,4,1,1,1,1,1,2,2,27,6,VicariousOutgroup:5
1,discrimination ,do not welcome outsiders,frustration,ridiculous ,angry,4,4,4,4,4,4,4,4,4,4,4,4,4,3,1,1,1,1,1,1,2,2,25,4,Vignette-Self
1,Intriguing,Sounds realistic,Possible,-99,-99,5,4,5,5,5,4,5,5,5,4,1,1,1,1,3,3,3,3,-99,-99,7,1,30,1,VicariousIn-group:5
1,"It said without any good reason, but if there was a hit and run, I'd say that's a good reason",I guess it blows if others are allowed to pass.,"Wrong place, wrong time.",-99,-99,2,3,3,1,3,3,2,1,2,2,2,1,2,2,1,2,1,1,2,2,4,2,35,3,Vignette-Self
1,probably a crime,hope I'm not late,none of my business,-99,-99,2,2,2,1,3,2,3,1,1,1,2,1,2,1,4,1,2,2,2,2,2,1,54,3,VicariousOutgroup:1
1,"Rage
","sadness
","impotence
","annoyed with everyone especially with the officer
","sorry to travel
",5,4,5,3,5,4,3,4,4,4,5,5,4,4,1,3,3,3,3,3,6,1,29,3,VicariousIn-group:1
1,I hope that I am not harassed by the police,I hope I am not falsely accused,I hope the police got the right person and are not going to do some extrajudicial nonsense as they are prone to do.,is there a country where police are actually qualified to hold the power they do? ,this event better be worth it,4,4,4,4,5,4,4,2,3,5,3,3,3,3,2,1,1,1,1,1,3,1,37,3,VicariousOutgroup:1
1,What if they did it?,I hope they don't miss the event.,Why did they not invite me to go with them?,Maybe I should say something to the police officer.,I wonder if they were involved in the incident.,3,3,4,3,3,4,4,3,3,4,3,2,4,2,2,1,3,1,2,1,1,2,22,3,VicariousIn-group:5
1,Car was in an accident.,Fender Bender.,Dog got run over.,Broken headlight.,Bad mouthing the officer.,4,2,4,4,2,2,2,2,2,2,1,1,1,-99,2,2,2,1,2,1,7,1,66,3,VicariousOutgroup:5
1,He might bribe his way through,The local would surely miss the event because the police might hold him up for a long time,Maybe the police suspect the local of being the suspect in the hit-and-run incident,I don't wish him evil although he dislikes tourists in his town.,I am grateful the police didn't stop me and delay my getting to the event.,1,1,1,1,3,3,3,1,1,1,1,1,1,1,2,1,1,1,3,3,6,1,42,1,VicariousOutgroup:1
1,Am i in trouble,Does he think that i was invoolved in this somehow,Why are the other cars allowed to pass,Am i gonna get asrrested,How long is this gonna take,2,5,5,3,3,2,4,3,3,4,3,3,5,5,1,1,1,2,1,2,1,1,36,3,Vignette-Self
1,Accident,Paying attention and listening,nervousness,wondering,on alert,5,5,5,5,5,1,3,1,3,1,5,5,5,5,5,1,3,1,1,1,4,2,55,3,VicariousIn-group:1
1,unfair,Rage,irritation,sad,disturbed,4,4,4,4,4,4,4,3,4,4,4,4,4,4,1,1,1,1,2,1,3,1,30,3,Vignette-Self
1,They've done something wrong. ,The officer is targeting them for a reason. ,They seemed like decent people.,They made a mistake.,They are not decent people like I thought perhaps. ,3,3,2,3,2,3,3,2,3,2,2,2,3,2,2,2,2,3,2,2,4,2,31,3,VicariousIn-group:5
1,A vacation in a foreign country.,I have driving in a rental car,During the road leading up to the event.,I will notice the person in the car in front of the hotel.,I have meals together and talking often.,4,5,4,3,4,4,5,4,4,5,3,3,4,4,2,3,3,3,3,3,7,2,32,1,VicariousIn-group:1
1,confusion,worry,wondering if they really did it,wondering if they'll be safe,wondering when this could have happened if it did,5,4,4,4,4,4,4,1,2,2,4,4,3,4,2,1,1,2,1,2,4,1,34,3,VicariousIn-group:1
1,very interesting,excellent,perfect,beautiful,very proud,5,4,5,4,5,5,4,5,4,5,4,5,4,5,5,3,3,2,3,3,2,1,32,1,VicariousIn-group:1
1,Is there some confusion,can I call somebody,What is going on,Where is the embassy,Do I have my passport on me,1,3,3,2,3,3,4,1,1,1,2,1,2,2,1,2,2,2,2,2,7,2,38,3,Vignette-Self
1,Hope everyone in the Hit and Run is Okay,A Little upset about Missing the Event,How much money I will lose out On,How long Will we be Stuck Here,Are the tickets refundable?,1,-99,5,3,1,1,2,1,3,1,3,2,2,3,3,3,2,1,1,2,4,2,43,3,VicariousIn-group:1
1,i dont know im indifferent about it,-99,-99,-99,-99,2,1,5,5,2,4,3,4,1,2,5,3,5,4,1,2,2,1,3,1,2,1,25,3,VicariousIn-group:5
1,Go figure that something like this would come up while I'm on vacation,I'm starting to get a bit frustrated at what's happening,Are you serious a couple hours?,Why is it that other cars are allowed to pass?,So much for that event I wanted to attend,4,5,5,4,3,4,3,1,1,4,5,5,5,5,1,1,1,1,2,1,3,1,31,1,Vignette-Self
1,Event,Locals,hit and run,police,Car in front of me stopped and searched,4,2,5,-99,3,5,3,2,2,2,4,2,5,4,4,3,2,1,2,1,4,1,44,3,VicariousOutgroup:1
1,police officer stop the car,there were local people standing in front of your car,they were arguing with other guests about the tourist visit,police told there was a hit and run,they were not allowed to pass and need to give correct statement to pass,5,4,5,4,5,4,5,4,4,5,5,4,5,4,3,3,3,2,2,3,4,2,26,3,VicariousOutgroup:5
1,i dont like this situation it hurt my feelings,-99,-99,-99,-99,5,3,5,1,3,4,4,5,5,2,2,1,5,5,1,3,1,3,2,1,2,2,32,3,VicariousIn-group:1
1,I am going to historic place.,I will get the lot of photos with friends.,I will eat the different foods in forgien country.,"Defiinatly,I create the new friends.",I feel the new life style.,5,4,5,4,5,5,4,5,5,4,5,4,4,4,5,3,2,3,2,3,2,2,26,3,VicariousIn-group:5
1,The person is a suspect.,The person ran over a tourist.,The policeman believes the person committed the crime.,The car in front of me matches the description of the hit and run vehicle.,The person might not pull over.,1,1,1,1,3,3,1,1,1,1,1,1,1,1,4,2,1,2,3,1,5,1,49,3,VicariousOutgroup:1
1,I should avoid them.,Am I supposed to feel happy that they were pulled over?  I don't really care.,I have no idea what event I would possibly want to go to in a foreign country.,Why is a car being searched for a hit-and-run earlier in the day?  What are they possibly going to find?,I don't think I like the fact they're going to search a car without good reason.,2,2,2,2,3,3,3,1,1,1,2,1,1,1,2,1,2,2,2,1,2,1,29,3,VicariousOutgroup:1
1,lucky day,feeling bad for others,this country is weird ,the police is weird,feeling good to make it to the event,4,3,3,3,4,4,4,3,2,3,2,1,2,1,2,3,3,2,2,3,2,2,24,4,VicariousOutgroup:1
1,what the hell,I didn't do anything and this is nuts,what could happen,am I going to get arrested,this is bad,4,4,4,4,5,4,5,4,5,5,4,5,4,4,1,1,2,1,1,1,5,2,40,3,Vignette-Self
1,prejudice,discrimination,feeling like an outsider,annoying,frustrating,4,5,5,4,5,4,4,4,4,4,5,4,5,4,1,1,1,1,1,1,2,1,23,4,Vignette-Self
1,"Oh no, this is some kind of checkpoint!",Will they take away my medicine?,Are the police friendly in this country?,That person ahead of me is in trouble now!,Will they want to see my ID?  ,5,3,2,3,5,3,3,2,1,2,2,1,3,3,2,1,1,1,1,2,1,2,56,3,VicariousOutgroup:1
1,I wonder what's going on. ,Maybe I should stop and help my friend. ,"Oh well, not much I can do about it. ",-99,-99,5,5,5,5,3,3,3,3,3,3,4,2,4,4,2,2,2,2,2,2,2,1,25,3,VicariousIn-group:1
1,why do they do this,I do not understand this situation,"
I have no commentarry, take, bring, lead, wear, bear
padecer
suffer, have, suffer from, endure, undergo, bear
echarse
lie, lie down, throw, lay down, stretch out, throw oneself
tolerar
tolerate, stand, endure, countenance, abide, permit
permitir
d",I think this is unfair,I have no reason to be arrested,3,4,3,3,4,4,3,4,3,4,4,3,3,4,5,2,3,2,2,3,5,1,30,5,VicariousIn-group:5
1,I'm glad its not me,They must be in a lot of trouble,I'm glad I'll get to the event on time,The police were very respectful,The police are also on top of things here,1,1,-99,1,1,1,1,1,1,1,1,1,1,1,4,3,1,3,3,2,4,1,34,3,VicariousOutgroup:1
1,it is unfair,what cause do they have to pull over the person in front of me,why didn't they make everyone stop,i feel bad for the person in front of me,i hope they are let through quickly,4,5,4,4,4,4,4,2,4,4,4,3,4,3,2,3,1,3,1,3,1,2,29,3,VicariousIn-group:1
1,this is so unfair,I'm so annoyed,I hope I don't get in trouble,Why am I being singled out like this?,-99,5,5,5,5,4,4,5,2,5,5,5,1,3,3,1,1,1,1,1,2,6,1,26,3,Vignette-Self
1,i am on vacation in a foreign country,driving on a rental car to visit one of the destinations were i planned outing,i purchased tickets to this once-in-a-lifetime event months ago!,i approaching a police officer standing in the road who motions for the car in front of me to slow down,i noticed the group of people in the car in front of  me are five locals who live in town near the hotel i am staying at,1,1,5,5,4,4,4,5,4,3,5,4,3,4,4,3,3,3,3,3,1,1,26,4,VicariousOutgroup:5
1,I'm frustrated.,I'm being profiled.,I'll miss the event.,I've wasted money.,I should have taken a tour bus,4,5,5,4,5,4,3,3,3,5,5,4,5,5,1,1,1,1,1,2,4,2,64,3,Vignette-Self
1,I would feel frustrated,I would feel angry,a little desperate to see me in this situation,I would lose my trip and my entrance to the event,I think it's bad police work,4,4,4,3,4,2,2,3,2,3,3,4,4,4,1,3,2,2,2,3,4,2,30,3,VicariousIn-group:1
1,So excited,Kind of nervous,Crap,I am scared now,Why me!,4,5,5,5,5,5,5,5,5,5,5,5,5,5,4,3,2,1,1,1,6,1,30,3,VicariousOutgroup:1
1,I was afraid for the group of people in front of us., I was worried that the cop may pull us over too and search us.,"I was afraid that we were going to get exploited by the cops, especially as foreigners","I thought we may get detained or worse, who knows of the laws in the country.",We should act respectfully and as normal as possible so we aren't targets of the police.,4,-99,5,-99,4,3,3,3,4,3,4,3,4,3,2,1,1,1,1,2,7,1,31,3,VicariousIn-group:5
1,Glad it's not me.,Sucks for them.,I wonder if they did it.,What type of evidence would be in the car?,Oh well.,5,5,5,5,5,5,5,5,5,5,5,5,5,5,4,3,1,2,1,2,1,2,27,3,VicariousOutgroup:5
1,become a scientist,love some one,sex with some one,marry a beautiful wife,become film actor,4,3,4,3,2,4,3,2,3,3,3,2,4,3,2,3,2,2,3,2,2,1,28,3,VicariousIn-group:1
1,I'm so excited about the event!,Why is the police officer motioning us?,Oh it's the Americans from the hotel.,Why are they being asked to pull over for the hit and run?,Why am I free to go but not them?,4,4,4,4,4,3,3,2,3,3,3,2,3,3,2,3,2,2,1,1,1,1,29,3,VicariousIn-group:5
1,Well this is not good,What did I do ,am I in trouble,who can help me,can I just go,5,5,5,4,3,4,4,3,4,4,4,4,5,4,1,1,2,1,2,2,2,1,45,3,Vignette-Self
1,Finish my college,My friend fight to me,I am singing in stage,My first success,My first loosing.,4,5,4,4,5,4,5,3,4,5,3,4,2,3,2,3,2,3,3,2,5,1,34,1,VicariousIn-group:5
1,that this was racially motivated,that they are crooked,that this is totally unfair,that i am super angry,that i will take legal action,5,5,5,5,5,5,5,5,5,5,5,5,5,5,1,1,1,1,1,1,5,2,26,2,Vignette-Self
1,I hope the cops here are not very corrupt and in cahoots with cartels.,It will get worked out.,I'm glad they let me continue driving.,I'm glad it's not me.,"I wonder what will happen next, what will they tell me about the situation when I see them at the hotel?",4,4,4,4,4,4,4,2,2,4,3,3,3,3,2,2,3,3,3,2,2,1,42,3,VicariousIn-group:5
1,"Well they'd need good cause to after stopping them, to detain them. ",Police can't just detain you without a warrant. ,"I'm sure it worked out, if the kids didn't do it.",-99,-99,4,3,3,3,2,1,1,1,1,1,1,1,1,1,2,2,2,3,2,2,3,1,45,1,VicariousOutgroup:5
1,Scared,Appalled ,Nervous ,Timid,Not sure ,4,5,5,5,5,4,5,4,4,5,4,4,5,5,4,1,1,1,1,2,4,2,32,1,VicariousIn-group:5
1,uh-oh,wonderr wahts gonne happen,please don't make me late,be calm,please please wave me on,3,4,2,3,4,2,3,4,4,3,3,2,3,4,5,1,1,1,1,1,5,1,34,3,VicariousOutgroup:1
1,why me?,what is happening?,Am I safe?,When will I be able to leave?,I gonna miss the concert ,4,5,5,5,3,3,3,5,4,4,5,5,5,5,1,1,1,1,1,1,2,1,49,3,Vignette-Self
1,Being on vacation felt nice,Driving a rental car in a foreign country made me feel hesitant,The officer not giving a good reason as to why I wasn't allowed to proceed was bad,Other drivers passing by was sketchy,Missing the event was bad,5,5,4,3,3,3,4,3,3,5,4,3,3,3,1,3,2,1,1,1,7,1,30,3,Vignette-Self
1,Am i being accused of the hit and run?,This seriously sucks so bad ,what if i get arrested?,I cant believe im going to miss this event ,Wow what if i get stuck in this country,4,5,5,4,3,3,4,4,5,4,5,5,5,5,1,1,1,1,1,1,2,2,22,3,Vignette-Self
1,Concern for the driver ahead,Fear of missing an event,Concern for the hit and run accident,-99,-99,2,4,4,4,3,3,3,3,2,4,4,3,4,4,5,2,3,3,-99,-99,4,2,65,3,VicariousOutgroup:1
1,good,good,good,good,good,5,4,4,5,4,3,3,5,4,5,4,1,4,4,5,3,3,2,3,2,6,1,44,3,VicariousOutgroup:5
1,"Motivating
",Feelings,Awesome,Enjoy,Cheers,4,3,3,3,3,3,3,3,3,3,1,1,2,2,1,3,3,3,3,3,2,1,29,2,VicariousOutgroup:1
1,What happened?,Did someone get hurt,Is that person responsible,Try talking to them later,I want to see what will happen,4,3,4,4,2,2,3,3,3,3,3,2,2,2,2,1,1,2,3,3,4,2,40,4,VicariousIn-group:1
1,I wonder if the person is guilty.,It would be horrible to face a criminal justice system in another country.,I would never hit and run.,I am lucky to get by the road block in minimal time.,-99,1,1,1,1,4,4,4,1,1,4,4,1,4,4,2,3,1,3,3,2,7,1,62,3,VicariousIn-group:1
1,"Wow, what happened?",I don't think we will be too late.,I'm glad I'm not involved in these problems.,"Wow, this is going to make for an interesting trip.",I'm honestly not bothered much by this. Every happening is an experience.,3,1,1,4,2,2,5,1,1,4,1,1,2,2,4,3,3,3,3,3,1,2,34,1,VicariousIn-group:5
1,I am extremely excited I will get to this once in a lifetime event.,I begin to feel tense as I apporached the police officer.,"I was excited to see the five fellow americans that i was close to, and I really  hoped that the officers would not take long",When I realized that my friends were going to miss the event I was saddened as I drove by.,"I begin to think if there was anyway I could help my friends, but I knew that I needed to proceed, and let the police finish their work.",5,4,4,4,5,5,5,4,5,5,5,4,4,5,2,3,1,3,1,1,3,1,31,3,VicariousIn-group:5
1,Should I stop?,What happened?,Can I help or will I make it worse,Call the hotel, I'm going to have this on my mind today,3,4,3,4,4,3,3,3,5,4,3,2,4,4,2,2,2,3,3,1,4,1,50,3,VicariousIn-group:1
1,I'm glad I wasn't delayed,I wonder what they did wrong,Those guys seem like jerks.,it seems like karma to me,Who cares? Let's get to the event.,2,1,2,1,3,3,2,3,1,1,1,1,1,1,2,3,2,1,2,3,2,1,46,3,VicariousOutgroup:5
1,Are my fellow travelers in danger?,Is it safe to stop and help them?,Will I miss this once-in-a-lifetime event?,Is that selfish?,Could the best option be to do nothing?,3,3,4,5,3,3,3,2,2,2,3,2,3,2,2,1,3,1,2,2,2,2,41,3,VicariousIn-group:5
1,I'm feeling a little confused.,Must have been an awkward moment.,I'd like to know what else would have happened.,Some things happen without even thinking about it.,"In that situation, I'd feel a little nervous.",5,5,5,5,5,5,5,1,1,5,5,5,5,5,3,2,1,1,2,2,4,2,35,3,VicariousOutgroup:5
1,Might as well make the best of it,I should cooperate to make this go as smoothly as possible,"I might miss the concert, but maybe there are other things I can do that are just as enjoyable",I wonder if the car was similar to mine,The weather,2,1,2,1,2,1,2,1,1,1,2,2,2,2,1,3,3,3,3,3,2,1,29,1,Vignette-Self
1,scenario,action,thrill ,-99,-99,4,2,3,3,2,2,4,4,2,4,1,1,1,1,4,3,3,2,2,2,3,2,27,3,VicariousIn-group:1